malware_package,actual_category,predicted_category,correct
com.lge.updatecenter.overlay,Adware,Adware,True
com.android.settings.overlay,Adware,Adware,True
com.lge.smartsharepush.overlay,Adware,Adware,True
com.lge.sizechangable.weather.platform.overlay,Adware,Adware,True
com.lge.fmradio.overlay,Adware,Adware,True
com.lge.vrplayer.overlay,Adware,Adware,True
kr.co.chamsule.smartonepass_project3_hyundai,Riskware,Riskware,True
com.bolo.callertheme,Adware,Riskware,False
com.bolo.callertheme,Adware,Riskware,False
com.bolo.callertheme,Adware,Riskware,False
com.bolo.callertheme,Adware,Riskware,False
primecn.titan6xk8.organizer1yh2x,Riskware,Riskware,True
primecn.titan6xk8.organizer1yh2x,Riskware,Riskware,True
primecn.titan6xk8.organizer1yh2x,Riskware,Riskware,True
primecn.titan6xk8.organizer1yh2x,Riskware,Riskware,True
primecn.titan6xk8.organizer1yh2x,Riskware,Riskware,True
primecn.titan6xk8.organizer1yh2x,Riskware,Riskware,True
primecn.titan6xk8.organizer1yh2x,Riskware,Riskware,True
com.performanceartist.asshacker,Riskware,Riskware,True
com.performanceartist.asshacker,Riskware,Riskware,True
com.ai.dalleai,Riskware,Riskware,True
com.performanceartist.asshacker,Riskware,Riskware,True
com.ai.dalleai,Riskware,Riskware,True
com.performanceartist.asshacker,Riskware,Riskware,True
com.performanceartist.asshacker,Riskware,Riskware,True
com.ai.dalleai,Riskware,Riskware,True
com.performanceartist.asshacker,Riskware,Riskware,True
com.TavernStudio.SwipeHealer,Riskware,Riskware,True
com.performanceartist.asshacker,Riskware,Riskware,True
com.ai.dalleai,Riskware,Riskware,True
com.performanceartist.asshacker,Riskware,Riskware,True
com.performanceartist.asshacker,Riskware,Riskware,True
com.ai.dalleai,Riskware,Riskware,True
com.performanceartist.asshacker,Riskware,Riskware,True
com.TavernStudio.SwipeHealer,Riskware,Riskware,True
com.TavernStudio.SwipeHealer,Riskware,Riskware,True
com.performanceartist.asshacker,Riskware,Riskware,True
com.ai.dalleai,Riskware,Riskware,True
com.TavernStudio.SwipeHealer,Riskware,Riskware,True
com.performanceartist.asshacker,Riskware,Riskware,True
com.performanceartist.asshacker,Riskware,Riskware,True
com.ai.dalleai,Riskware,Riskware,True
com.performanceartist.asshacker,Riskware,Riskware,True
com.performanceartist.asshacker,Riskware,Riskware,True
com.performanceartist.asshacker,Riskware,Riskware,True
com.ai.dalleai,Riskware,Riskware,True
com.performanceartist.asshacker,Riskware,Riskware,True
com.performanceartist.asshacker,Riskware,Riskware,True
com.ai.dalleai,Riskware,Riskware,True
com.performanceartist.asshacker,Riskware,Riskware,True
com.ai.dalleai,Riskware,Riskware,True
com.performanceartist.asshacker,Riskware,Riskware,True
com.performanceartist.asshacker,Riskware,Riskware,True
com.ai.dalleai,Riskware,Riskware,True
com.performanceartist.asshacker,Riskware,Riskware,True
com.ai.dalleai,Riskware,Riskware,True
com.performanceartist.asshacker,Riskware,Riskware,True
com.performanceartist.asshacker,Riskware,Riskware,True
com.ai.dalleai,Riskware,Riskware,True
com.performanceartist.asshacker,Riskware,Riskware,True
com.performanceartist.asshacker,Riskware,Riskware,True
com.ai.dalleai,Riskware,Riskware,True
com.performanceartist.asshacker,Riskware,Riskware,True
com.performanceartist.asshacker,Riskware,Riskware,True
com.ai.dalleai,Riskware,Riskware,True
com.performanceartist.asshacker,Riskware,Riskware,True
com.performanceartist.asshacker,Riskware,Riskware,True
com.performanceartist.asshacker,Riskware,Riskware,True
com.ai.dalleai,Riskware,Riskware,True
com.performanceartist.asshacker,Riskware,Riskware,True
com.ai.dalleai,Riskware,Riskware,True
com.ai.dalleai,Riskware,Riskware,True
com.idle.lengion.mojimogu,Riskware,Riskware,True
com.ai.dalleai,Riskware,Riskware,True
com.performanceartist.asshacker,Riskware,Riskware,True
com.ai.dalleai,Riskware,Riskware,True
com.ai.dalleai,Riskware,Riskware,True
com.ai.dalleai,Riskware,Riskware,True
com.idle.lengion.mojimogu,Riskware,Riskware,True
com.ai.dalleai,Riskware,Riskware,True
com.ai.dalleai,Riskware,Riskware,True
com.idle.lengion.mojimogu,Riskware,Riskware,True
com.idle.lengion.mojimogu,Riskware,Riskware,True
com.ai.dalleai,Riskware,Riskware,True
com.ai.dalleai,Riskware,Riskware,True
com.idle.lengion.mojimogu,Riskware,Riskware,True
com.idle.lengion.mojimogu,Riskware,Riskware,True
com.ai.dalleai,Riskware,Riskware,True
com.ai.dalleai,Riskware,Riskware,True
com.idle.lengion.mojimogu,Riskware,Riskware,True
com.ai.dalleai,Riskware,Riskware,True
com.mobirate.DeadAheadTactics,Riskware,Riskware,True
com.ai.dalleai,Riskware,Riskware,True
com.idle.lengion.mojimogu,Riskware,Riskware,True
com.ai.dalleai,Riskware,Riskware,True
com.ai.dalleai,Riskware,Riskware,True
com.idle.lengion.mojimogu,Riskware,Riskware,True
com.ai.dalleai,Riskware,Riskware,True
com.ai.dalleai,Riskware,Riskware,True
com.ai.dalleai,Riskware,Riskware,True
com.idle.lengion.mojimogu,Riskware,Riskware,True
com.ai.dalleai,Riskware,Riskware,True
com.ai.dalleai,Riskware,Riskware,True
games.my.zombie.shooter,Riskware,Riskware,True
com.ai.dalleai,Riskware,Riskware,True
com.idle.lengion.mojimogu,Riskware,Riskware,True
com.ybaealrx.nrlbrtbino.ntlnorwray,Riskware,Riskware,True
com.glamourjigsaws.puzzle,Riskware,Riskware,True
com.free.vpn.super.hotspot.open,Riskware,Riskware,True
com.cardgame.dragon.girl.battle,Riskware,Riskware,True
com.glamourjigsaws.puzzle,Riskware,Riskware,True
com.free.vpn.super.hotspot.open,Riskware,Riskware,True
com.bloom.love.tile,Riskware,Riskware,True
com.dev3factory.shinbiApart,Riskware,Riskware,True
com.dev3factory.shinbiApart,Riskware,Riskware,True
com.Hurricanedotcom.ChikanDensya2,Riskware,Riskware,True
com.Hurricanedotcom.ChikanDensya2,Riskware,Riskware,True
com.e1nbl.higcenw9.jevodlqx,Adware,Riskware,False
com.e1nbl.higcenw9.jevodlqx,Adware,Riskware,False
com.monotype.android.font.zfont_id1959920369z,Riskware,Riskware,True
com.monotype.android.font.zfont_id1959920369z,Riskware,Riskware,True
com.hawsoft.mobile.speechtrans,Riskware,Riskware,True
com.hawsoft.mobile.speechtrans,Riskware,Riskware,True
com.sec.android.app.music,Riskware,Adware,False
com.sec.android.app.music,Riskware,Adware,False
com.sec.android.app.sbrowser.webapk.w15bcb26deb7b04bb00af2c4b3ff5eb611,Adware,Adware,True
com.sec.android.app.sbrowser.webapk.w4f6ee3f082b3d303d28f94507c0734b11,Adware,Adware,True
com.sec.android.app.sbrowser.webapk.w4f6ee3f082b3d303d28f94507c0734b11,Adware,Adware,True
com.sec.android.app.sbrowser.webapk.wf6012ffde6496e8103745c9b68178b831,Adware,Adware,True
com.devastate.android,Riskware,Riskware,True
com.sec.android.app.sbrowser.webapk.w702098b48109c336d70f4828c2b6c9ff1,Adware,Adware,True
com.sec.android.app.sbrowser.webapk.w702098b48109c336d70f4828c2b6c9ff1,Adware,Adware,True
com.sec.android.app.sbrowser.webapk.wf9d32900aeb86d009ff66e611fc056c81,Adware,Adware,True
com.vrelnir.DegreesOfLewdityKr,Riskware,Riskware,True
com.sec.android.app.sbrowser.webapk.w702098b48109c336d70f4828c2b6c9ff1,Adware,Adware,True
com.sec.android.app.sbrowser.webapk.w702098b48109c336d70f4828c2b6c9ff1,Adware,Adware,True
com.sec.android.app.sbrowser.webapk.wf6012ffde6496e8103745c9b68178b831,Adware,Adware,True
com.sec.android.app.sbrowser.webapk.wf6012ffde6496e8103745c9b68178b831,Adware,Adware,True
free.zona,Riskware,Riskware,True
kr.co.chamsule.smartonepass_project3_hyundai,Riskware,Riskware,True
com.trovo.streamerapp,Adware,Riskware,False
com.trovo.streamerapp,Adware,Riskware,False
com.trovo.streamerapp,Adware,Riskware,False
com.trovo.streamerapp,Adware,Riskware,False
com.vent.truth,Riskware,Riskware,True
com.sec.android.app.sbrowser.webapk.w91ada3f335f7e62a8b3d85d319cca72a1,Adware,Adware,True
org.chromium.webapk.abd5f5a4cc07a24e4_v2,Riskware,Riskware,True
org.chromium.webapk.abd5f5a4cc07a24e4_v2,Riskware,Riskware,True
com.gameloft.android.GAND.GloftKRLT,Riskware,Riskware,True
com.gameloft.android.GAND.GloftKRLT,Riskware,Riskware,True
com.hbns.geoje.store,Trojan,Trojan,True
com.hbns.geoje.store,Trojan,Trojan,True
com.sec.android.app.sbrowser.webapk.w702098b48109c336d70f4828c2b6c9ff1,Adware,Adware,True
com.wAutocadDWGFiles2018,Trojan,Riskware,False
com.wAutocadDWGFiles2018,Trojan,Riskware,False
com.kbs57202106145.activity,Trojan,Trojan,True
com.kbs57202106145.activity,Trojan,Trojan,True
com.hawsoft.mobile.speechtrans,Riskware,Riskware,True
org.chromium.webapk.a36fe38215c6a41d7_v2,Riskware,Riskware,True
com.sec.android.app.sbrowser.webapk.w7bfe850618e3fb4f16ff693292c8ead11,Adware,Adware,True
com.doodledoodle.kakao.paradiseis,Riskware,Riskware,True
com.roblox.client,Riskware,Riskware,True
com.roblox.client,Riskware,Riskware,True
com.roblox.client,Riskware,Riskware,True
com.roblox.client,Riskware,Riskware,True
com.roblox.client,Riskware,Riskware,True
com.roblox.client,Riskware,Riskware,True
com.hawsoft.mobile.speechtrans,Riskware,Riskware,True
com.free.vpn.super.hotspot.open,Riskware,Riskware,True
com.free.vpn.super.hotspot.open,Riskware,Riskware,True
com.sec.android.app.sbrowser.webapk.w3abf13bd40438e04befd07d3b9e493451,Adware,Adware,True
com.sec.android.app.sbrowser.webapk.wb121922048267a9e2aeab7436a79203c1,Adware,Adware,True
com.sec.android.app.sbrowser.webapk.wb121922048267a9e2aeab7436a79203c1,Adware,Adware,True
com.hlwjoaomsw.vsptmgsmeq.ggnhzvchz,Riskware,Riskware,True
com.cleanup.appbooster.tap,Riskware,Riskware,True
com.sec.android.app.sbrowser.webapk.w45fe57a8930e665e6acb78ee011ea5391,Adware,Adware,True
com.sec.android.app.sbrowser.webapk.wd9caa8aac60bb2a34e5055f181e89d991,Adware,Adware,True
com.roblox.client,Riskware,Riskware,True
com.roblox.client,Riskware,Riskware,True
fjew.pkys,Riskware,Riskware,True
com.xlunarcalendar.fconvivial.gwestminsterabbey,Riskware,Riskware,True
com.xlunarcalendar.fconvivial.gwestminsterabbey,Riskware,Riskware,True
com.xlunarcalendar.fconvivial.gwestminsterabbey,Riskware,Riskware,True
com.xlunarcalendar.fconvivial.gwestminsterabbey,Riskware,Riskware,True
myfiles.filemanager.fileexplorer.cleaner,Riskware,Riskware,True
kr.co.chamsule.smartonepass_project3_hyundai,Riskware,Riskware,True
net.kairosoft.android.towns,Riskware,Riskware,True
net.kairosoft.android.resort,Riskware,Riskware,True
net.kairosoft.android.television,Riskware,Riskware,True
org.ppsspp.ppsspp,Riskware,Riskware,True
net.kairosoft.android.cruise_en,Riskware,Riskware,True
com.square_enix.android_googleplay.dq5,Riskware,Riskware,True
net.kairosoft.android.bouken2,Riskware,Riskware,True
com.square_enix.android_googleplay.FFPR6,Riskware,Riskware,True
myfiles.filemanager.fileexplorer.cleaner,Riskware,Riskware,True
net.kairosoft.android.towns,Riskware,Riskware,True
net.kairosoft.android.resort,Riskware,Riskware,True
net.kairosoft.android.television,Riskware,Riskware,True
net.kairosoft.android.cruise_en,Riskware,Riskware,True
com.square_enix.android_googleplay.dq5,Riskware,Riskware,True
net.kairosoft.android.bouken2,Riskware,Riskware,True
com.square_enix.android_googleplay.FFPR6,Riskware,Riskware,True
org.ppsspp.ppsspp,Riskware,Riskware,True
com.amazon.avod.thirdpartyclient,Trojan,Riskware,False
com.sec.android.app.sbrowser.webapk.w702098b48109c336d70f4828c2b6c9ff1,Adware,Adware,True
com.markany.mobilesaferlite,Riskware,Riskware,True
com.magic.drama.reels,Riskware,Riskware,True
com.sec.android.app.sbrowser.webapk.w7bfe850618e3fb4f16ff693292c8ead11,Adware,Adware,True
net.kairosoft.android.airplane_en,Riskware,Riskware,True
com.spotify.music,Riskware,Riskware,True
com.spotify.music,Riskware,Riskware,True
com.sec.android.app.sbrowser.webapk.w72d52ac09659a72151089be0fc2ec1b11,Adware,Adware,True
com.sec.android.app.sbrowser.webapk.w602a9505dc68f2b050446c8c6f0119491,Adware,Adware,True
com.sec.android.app.sbrowser.webapk.w72d52ac09659a72151089be0fc2ec1b11,Adware,Adware,True
com.sec.android.app.sbrowser.webapk.w602a9505dc68f2b050446c8c6f0119491,Adware,Adware,True
com.sec.android.app.sbrowser.webapk.w602a9505dc68f2b050446c8c6f0119491,Adware,Adware,True
com.sec.android.app.sbrowser.webapk.w72d52ac09659a72151089be0fc2ec1b11,Adware,Adware,True
me.mrpowergamerbr.UndertaleWrapper,Riskware,Riskware,True
p3072.w8984.w2688,Riskware,Riskware,True
p3072.w8984.w2688,Riskware,Riskware,True
com.sec.android.app.sbrowser.webapk.w702098b48109c336d70f4828c2b6c9ff1,Adware,Adware,True
mobi.blackbears.endlesslands,Riskware,Riskware,True
com.roapk.x7sy,Riskware,Riskware,True
com.google.android.GoogleCameraLMCR17,Riskware,Riskware,True
com.jndapp.depth.live.wallpaper,Riskware,Riskware,True
bu7d3pyp.qv6mkmt.sclv5,Trojan,Riskware,False
com.sec.android.app.sbrowser.webapk.w0eadda3bbb463c2185eac5149cb6e0e21,Adware,Adware,True
jlfudw.vlscfvreoeufc.tuzqljjwyyva,Trojan,Riskware,False
dark.bnUAl.mznBh,Riskware,Riskware,True
cndgzifu.jaenbqixeg.unsigeakae,Riskware,Riskware,True
cndgzifu.jaenbqixeg.unsigeakae,Riskware,Riskware,True
jlfudw.vlscfvreoeufc.tuzqljjwyyva,Trojan,Riskware,False
dark.bnUAl.mznBh,Riskware,Riskware,True
com.monotype.android.font.zfont_id1400726062z,Riskware,Riskware,True
org.chromium.webapk.a84ed576a7563fca3_v2,Riskware,Riskware,True
org.chromium.webapk.a84ed576a7563fca3_v2,Riskware,Riskware,True
zutuj.pgg59p.oh6a.xlry5r.d1779680534102114214,Riskware,Riskware,True
org.chromium.webapk.aa5cf3ae703ab175a_v2,Riskware,Riskware,True
com.sec.android.app.sbrowser.webapk.w702098b48109c336d70f4828c2b6c9ff1,Adware,Adware,True
com.sec.android.app.sbrowser.webapk.w702098b48109c336d70f4828c2b6c9ff1,Adware,Adware,True
com.ftt.ankrepicheartslite,Riskware,Riskware,True
com.ftt.ankrepicheartslite,Riskware,Riskware,True
com.sec.android.app.sbrowser.webapk.wf6012ffde6496e8103745c9b68178b831,Adware,Adware,True
com.ftt.ankrepicheartslite,Riskware,Riskware,True
com.ftt.ankrepicheartslite,Riskware,Riskware,True
com.square_enix.android_googleplay.dq8,Riskware,Riskware,True
com.ftt.ankrepicheartslite,Riskware,Riskware,True
com.ftt.ankrepicheartslite,Riskware,Riskware,True
com.seikami.lumber.survivor,Riskware,Riskware,True
com.chopchop.danteRPG,Riskware,Riskware,True
com.devastate.android,Riskware,Riskware,True
com.bolo.callertheme,Adware,Riskware,False
com.bolo.callertheme,Adware,Riskware,False
com.sec.android.app.sbrowser.webapk.w742c9252bce848b01cbf8d79b1de47941,Adware,Adware,True
android.auto_generated_rro_product__,Riskware,Riskware,True
com.android.networkstack.overlay,Riskware,Adware,False
com.mediatek.frameworkresoverlay,Riskware,Riskware,True
com.android.networkstack.tethering.overlay,Riskware,Adware,False
com.android.internal.display.cutout.emulation.waterfall,Riskware,Riskware,True
com.android.internal.display.cutout.emulation.double,Riskware,Riskware,True
com.nflystudio.InfiniteStaircase,Adware,Riskware,False
com.sec.android.app.sbrowser.webapk.w702098b48109c336d70f4828c2b6c9ff1,Adware,Adware,True
jurassic.survival.craft.z,Riskware,Riskware,True
jurassic.survival.craft.z,Riskware,Riskware,True
jurassic.survival.craft.z,Riskware,Riskware,True
jurassic.survival.craft.z,Riskware,Riskware,True
erega74.sltheme.colorgloss,Riskware,Riskware,True
com.zeeshan.circlesidebarpro,Riskware,Riskware,True
org.tasks,Riskware,Riskware,True
com.iconnect.imageeditor.iballetkitty201510111948,Riskware,Riskware,True
com.iconnect.imageeditor.iballetkitty201510111948,Riskware,Riskware,True
com.sec.android.app.sbrowser.webapk.w602a9505dc68f2b050446c8c6f0119491,Adware,Adware,True
org.chromium.webapk.a53efad3eae3f4131_v2,Riskware,Riskware,True
org.chromium.webapk.a53efad3eae3f4131_v2,Riskware,Riskware,True
com.outfit7neo.onehelsing,Riskware,Riskware,True
com.fengiiley.frlegends,Riskware,Riskware,True
com.fengiiley.frlegends,Riskware,Riskware,True
com.sec.android.app.sbrowser.webapk.w702098b48109c336d70f4828c2b6c9ff1,Adware,Adware,True
com.grand.survival.ocean.adventure,Riskware,Riskware,True
com.grand.survival.ocean.adventure,Riskware,Riskware,True
org.chromium.webapk.a3b300e46f9abc9d0_v2,Riskware,Riskware,True
com.inverseai.video_converter,Riskware,Riskware,True
com.inverseai.video_converter,Riskware,Riskware,True
dk.tactile.lilysgarden,Riskware,Riskware,True
com.jmgamestudios.horizon.driving.simulator,Riskware,Riskware,True
com.jmgamestudios.horizon.driving.simulator,Riskware,Riskware,True
com.sec.android.app.sbrowser.webapk.w43b920a9305515ee0edaf7442cf662371,Adware,Adware,True
com.sec.android.app.sbrowser.webapk.w43b920a9305515ee0edaf7442cf662371,Adware,Adware,True
com.sec.android.app.sbrowser.webapk.w43b920a9305515ee0edaf7442cf662371,Adware,Adware,True
hexatail.agent17,Riskware,Riskware,True
org.chromium.webapk.a1ad7b5f4f97d8ede_v2,Riskware,Riskware,True
com.markany.mobilesaferlite,Riskware,Riskware,True
com.markany.mobilesaferlite,Riskware,Riskware,True
com.winterspringgames.survivaljourney,Riskware,Riskware,True
com.winterspringgames.survivaljourney,Riskware,Riskware,True
com.sec.android.app.sbrowser.webapk.wf6012ffde6496e8103745c9b68178b831,Adware,Adware,True
com.sec.android.app.sbrowser.webapk.wf29e5310e0d7c47c114ae841230ff5601,Adware,Adware,True
org.chromium.webapk.a8478c1b7f842968d_v2,Riskware,Riskware,True
org.chromium.webapk.a8478c1b7f842968d_v2,Riskware,Riskware,True
com.bhypocrite.icatalogedprocedure.japojove,Riskware,Riskware,True
com.bhypocrite.icatalogedprocedure.japojove,Riskware,Riskware,True
com.bhypocrite.icatalogedprocedure.japojove,Riskware,Riskware,True
com.bhypocrite.icatalogedprocedure.japojove,Riskware,Riskware,True
com.e1nbl.higcenw9.jevodlqx,Adware,Riskware,False
com.e1nbl.higcenw9.jevodlqx,Adware,Riskware,False
com.Yabukaradoo.ExSim02,Riskware,Riskware,True
com.Yabukaradoo.ExSim02,Riskware,Riskware,True
com.adguard.android,Trojan,Riskware,False
com.adguard.android,Trojan,Riskware,False
com.joyemu.fbaapp,Adware,Riskware,False
com.joyemu.fbaapp,Adware,Riskware,False
com.joyemu.fbaapp,Adware,Riskware,False
com.joyemu.fbaapp,Adware,Riskware,False
com.joyemu.fbaapp,Adware,Riskware,False
com.nemo.vidmate,Trojan,Riskware,False
com.nemo.vidmate,Trojan,Riskware,False
sunbeesoft.queensidol.com,Riskware,Riskware,True
com.hippogames.ludosaga,Adware,Riskware,False
com.hippogames.ludosaga,Adware,Riskware,False
com.hippogames.ludosaga,Adware,Riskware,False
com.hippogames.ludosaga,Adware,Riskware,False
com.click.reams,Trojan,Riskware,False
com.click.reams,Trojan,Riskware,False
net.siuro.bsimi,Adware,Riskware,False
net.siuro.bsimi,Adware,Riskware,False
com.sec.android.app.sbrowser.webapk.wbd9ba664e75d7c155a83776cacf27f341,Adware,Adware,True
com.tiktok.dy20250210,Riskware,Riskware,True
com.tiktok.dy20250210,Riskware,Riskware,True
com.tiktok.dy20250210,Riskware,Riskware,True
com.tiktok.dy20250210,Riskware,Riskware,True
com.tiktok.dy20250210,Riskware,Riskware,True
com.tiktok.dy20250210,Riskware,Riskware,True
com.tiktok.dy20250210,Riskware,Riskware,True
com.tiktok.dy20250210,Riskware,Riskware,True
com.studio27.MelonPlayground,Riskware,Riskware,True
com.keplerians.icescream3,Riskware,Riskware,True
air.com.innersloth.henry.HenryFlash,Riskware,Riskware,True
com.destiny.photomixer.nearme.gamecenter,Adware,Riskware,False
com.sec.android.app.sbrowser.webapk.w702098b48109c336d70f4828c2b6c9ff1,Adware,Adware,True
com.sec.android.app.sbrowser.webapk.w3abf13bd40438e04befd07d3b9e493451,Adware,Adware,True
com.sec.android.app.sbrowser.webapk.w702098b48109c336d70f4828c2b6c9ff1,Adware,Adware,True
com.sec.android.app.sbrowser.webapk.w3b92c71285722134f78dc7d2a86e96a11,Adware,Adware,True
com.sec.android.app.sbrowser.webapk.w3b92c71285722134f78dc7d2a86e96a11,Adware,Adware,True
com.sec.android.app.sbrowser.webapk.w3abf13bd40438e04befd07d3b9e493451,Adware,Adware,True
com.sec.android.app.sbrowser.webapk.wcc9c5d73becd563d681a1eeea6eb65311,Adware,Adware,True
com.sec.android.app.sbrowser.webapk.w3abf13bd40438e04befd07d3b9e493451,Adware,Adware,True
kr.co.chamsule.smartonepass_project3_hyundai,Riskware,Riskware,True
com.Playmeow.official_app757,Riskware,Riskware,True
com.Playmeow.official_app757,Riskware,Riskware,True
org.chromium.webapk.a4bf7b7822210db02_v2,Riskware,Riskware,True
org.chromium.webapk.a4bf7b7822210db02_v2,Riskware,Riskware,True
ermgvmrfd.wepgvored.welsff,Trojan,Riskware,False
ermgvmrfd.wepgvored.welsff,Trojan,Riskware,False
com.sec.android.app.sbrowser.webapk.wcca3917459890643fad92758af8051a61,Adware,Adware,True
com.bolo.callertheme,Adware,Riskware,False
com.bolo.callertheme,Adware,Riskware,False
com.sec.android.app.sbrowser.webapk.waefd2af747446c497d6de4b8a2b158791,Adware,Adware,True
ermgvmrfd.wepgvored.welsff,Trojan,Riskware,False
ermgvmrfd.wepgvored.welsff,Trojan,Riskware,False
com.iu7.md0u12.kpm.appl4,Riskware,Riskware,True
com.NEKOUJI.PUBPETS,Riskware,Riskware,True
com.sec.android.app.sbrowser.webapk.we5ed2d947ce130ca61970d2f13daa6da1,Adware,Adware,True
com.sec.android.app.sbrowser.webapk.wf6012ffde6496e8103745c9b68178b831,Adware,Adware,True
com.hjls.jlyuz,Trojan,Riskware,False
com.hjls.jlyuz,Trojan,Riskware,False
com.hjls.jlyuz,Trojan,Riskware,False
com.hjls.jlyuz,Trojan,Riskware,False
com.hjls.jlyuz,Trojan,Riskware,False
com.hjls.jlyuz,Trojan,Riskware,False
kr.co.chamsule.smartonepass_project3_hyundai,Riskware,Riskware,True
com.sec.android.app.sbrowser.webapk.w702098b48109c336d70f4828c2b6c9ff1,Adware,Adware,True
com.taismart.global,Riskware,Riskware,True
com.sec.android.app.sbrowser.webapk.wf6012ffde6496e8103745c9b68178b831,Adware,Adware,True
com.xinfa.bitmart158,Riskware,Riskware,True
com.sec.android.app.sbrowser.webapk.wd9caa8aac60bb2a34e5055f181e89d991,Adware,Adware,True
com.bolo.callertheme,Adware,Riskware,False
com.bolo.callertheme,Adware,Riskware,False
com.tocaboca.tocakitchen2,Riskware,Riskware,True
com.sec.android.app.sbrowser.webapk.w702098b48109c336d70f4828c2b6c9ff1,Adware,Adware,True
com.sec.android.app.sbrowser.webapk.w702098b48109c336d70f4828c2b6c9ff1,Adware,Adware,True
com.adguard.android,Trojan,Riskware,False
com.sec.android.app.sbrowser.webapk.wda08cbe78221892db210d209f4f5e8121,Adware,Adware,True
com.roblox.client,Riskware,Riskware,True
fjew.pkys,Riskware,Riskware,True
fjew.pkys,Riskware,Riskware,True
com.sec.android.app.sbrowser.webapk.wcc9c5d73becd563d681a1eeea6eb65311,Adware,Adware,True
com.kingkongsoft.khbd.o,Riskware,Riskware,True
com.greengrey.initiative23,Riskware,Riskware,True
com.mobirate.DeadAheadTactics,Riskware,Riskware,True
games.lightheart.mrautofire,Riskware,Riskware,True
net.pixelrabbit.jh2,Riskware,Riskware,True
com.blitzkrieg.assault,Riskware,Riskware,True
com.EmerothStudios.CatacombCrawlersAlpha,Riskware,Riskware,True
com.sdlgl.zcqx,Riskware,Riskware,True
com.gamehivecorp.taptitans2,Riskware,Riskware,True
com.buffstudio.mysticguardian.paid,Adware,Riskware,False
com.buffstudio.mysticguardian.paid,Adware,Riskware,False
com.buffstudio.mysticguardian.paid,Adware,Riskware,False
com.kadka.battle.draw,Riskware,Riskware,True
com.platformer.metroid.vania.roguelite.hero.hunter,Riskware,Riskware,True
com.sololeveling.towelie,Riskware,Riskware,True
com.gamehivecorp.taptitans2,Riskware,Riskware,True
com.OsOs.Narin,Riskware,Riskware,True
com.earlymorningstudio.trident,Riskware,Riskware,True
games.my.zombie.shooter,Riskware,Riskware,True
com.earlymorningstudio.trident,Riskware,Riskware,True
com.outfit7neo.onehelsing,Riskware,Riskware,True
games.my.zombie.shooter,Riskware,Riskware,True
com.sec.android.app.sbrowser.webapk.w702098b48109c336d70f4828c2b6c9ff1,Adware,Adware,True
com.free.vpn.super.hotspot.open,Riskware,Riskware,True
com.free.vpn.super.hotspot.open,Riskware,Riskware,True
com.ybaealrx.nrlbrtbino.ntlnorwray,Riskware,Riskware,True
com.glamourjigsaws.puzzle,Riskware,Riskware,True
com.cardgame.dragon.girl.battle,Riskware,Riskware,True
com.glamourjigsaws.puzzle,Riskware,Riskware,True
com.bloom.love.tile,Riskware,Riskware,True
sunbeesoft.queensidol.com,Riskware,Riskware,True
com.xinfa.bitmart158,Riskware,Riskware,True
com.xinfa.bitmart158,Riskware,Riskware,True
com.xinfa.bitmart158,Riskware,Riskware,True
com.JaShinn.Syahatasbadday,Riskware,Riskware,True
com.monotype.android.font.zfont_id604881837z,Riskware,Riskware,True
com.eapublishing.dhsw.paid,Riskware,Riskware,True
com.ironhidegames.android.kingdomrush.alliance,Riskware,Riskware,True
com.ironhidegames.android.kingdomrush.alliance,Riskware,Riskware,True
com.ironhidegames.android.kingdomrushfrontiers,Riskware,Riskware,True
com.sec.android.app.sbrowser.webapk.w29a0a90db78e4e32a788de269d04adf11,Adware,Adware,True
com.sec.android.app.sbrowser.webapk.w7e330ecda81b30edbe70437b44f3a9441,Adware,Adware,True
com.dobuworks.HypnoApp,Riskware,Riskware,True
kr.co.chamsule.smartonepass_project3_hyundai,Riskware,Riskware,True
kr.co.chamsule.smartonepass_project3_hyundai,Riskware,Riskware,True
com.bakerystory.soulbox.gp,Riskware,Riskware,True
com.Shooter.ModernWarships,Riskware,Riskware,True
com.factory608.ME,Riskware,Riskware,True
com.nojfplnkwevb.rug3afr.ifdoxtfxid,Adware,Riskware,False
com.snowcorp.epik,Riskware,Riskware,True
com.bolo.callertheme,Adware,Riskware,False
com.sec.android.app.sbrowser.webapk.w149a29fbff19eba0dec81491207025ce1,Adware,Adware,True
com.sec.android.app.sbrowser.webapk.w149a29fbff19eba0dec81491207025ce1,Adware,Adware,True
com.tile.crush.matchgame.shine,Riskware,Riskware,True
com.tile.crush.matchgame.shine,Riskware,Riskware,True
com.roblox.client,Riskware,Riskware,True
com.trgsha.detoittrpu.upfezna4ag4t,Adware,Riskware,False
com.trgsha.detoittrpu.upfezna4ag4t,Adware,Riskware,False
com.roblox.client,Riskware,Riskware,True
com.trgsha.detoittrpu.upfezna4ag4t,Adware,Riskware,False
com.roblox.client,Riskware,Riskware,True
express.spooky,Riskware,Riskware,True
superstar.games.Color.Invaders.Idle,Riskware,Riskware,True
com.onegame.superstickmanhero,Riskware,Riskware,True
com.fattoy.shelter,Riskware,Riskware,True
com.fattoy.shelter,Riskware,Riskware,True
com.fattoy.shelter,Riskware,Riskware,True
com.app2100.app,Riskware,Riskware,True
com.app2100.app,Riskware,Riskware,True
com.app2100.app,Riskware,Riskware,True
kr.co.chamsule.smartonepass_project3_hyundai,Riskware,Riskware,True
kr.co.chamsule.smartonepass_project3_hyundai,Riskware,Riskware,True
com.magicianslab.gifmaker,Adware,Riskware,False
com.magic.drama.reels,Riskware,Riskware,True
com.magic.drama.reels,Riskware,Riskware,True
shoprsyh.frontiert.navigatorx5,Riskware,Riskware,True
eaeebi.gccabj.cebgak,Trojan,Riskware,False
eaeebi.gccabj.cebgak,Trojan,Riskware,False
com.hbns.geoje.store,Trojan,Trojan,True
com.magic.drama.reels,Riskware,Riskware,True
com.magic.drama.reels,Riskware,Riskware,True
com.magic.drama.reels,Riskware,Riskware,True
com.magic.drama.reels,Riskware,Riskware,True
com.magic.drama.reels,Riskware,Riskware,True
com.magic.drama.reels,Riskware,Riskware,True
com.appsomniacs.da2,Riskware,Riskware,True
com.savbrawl.sav,Riskware,Riskware,True
com.roblox.client,Riskware,Riskware,True
com.roblox.client,Riskware,Riskware,True
com.easytech.wc5,Riskware,Riskware,True
com.splendapps.torch,Riskware,Riskware,True
com.splendapps.torch,Riskware,Riskware,True
com.thinkyeah.galleryvault,Riskware,Riskware,True
com.sec.android.app.sbrowser.webapk.w3abf13bd40438e04befd07d3b9e493451,Adware,Adware,True
com.sec.android.app.sbrowser.webapk.w3abf13bd40438e04befd07d3b9e493451,Adware,Adware,True
com.sec.android.app.sbrowser.webapk.w702098b48109c336d70f4828c2b6c9ff1,Adware,Adware,True
com.blackhole.hd1763494114,Riskware,Riskware,True
com.blackhole.hd1763494114,Riskware,Riskware,True
com.blackhole.hd1763494114,Riskware,Riskware,True
com.blackhole.hd1763494114,Riskware,Riskware,True
com.blackhole.hd1763494114,Riskware,Riskware,True
com.blackhole.hd1763494114,Riskware,Riskware,True
com.blackhole.hd1763494114,Riskware,Riskware,True
esdz3.zvfk6.yegxi,Trojan,Riskware,False
esdz3.zvfk6.yegxi,Trojan,Riskware,False
esdz3.zvfk6.yegxi,Trojan,Riskware,False
esdz3.zvfk6.yegxi,Trojan,Riskware,False
esdz3.zvfk6.yegxi,Trojan,Riskware,False
esdz3.zvfk6.yegxi,Trojan,Riskware,False
esdz3.zvfk6.yegxi,Trojan,Riskware,False
esdz3.zvfk6.yegxi,Trojan,Riskware,False
kr.co.chamsule.smartonepass_project3_hyundai,Riskware,Riskware,True
com.sec.android.app.sbrowser.webapk.wb196b842ac182a7a79f27c693c772f321,Adware,Adware,True
com.destiny.photomixer.nearme.gamecenter,Adware,Riskware,False
com.tile.crush.matchgame.shine,Riskware,Riskware,True
com.tile.crush.matchgame.shine,Riskware,Riskware,True
com.tile.crush.matchgame.shine,Riskware,Riskware,True
com.tile.crush.matchgame.shine,Riskware,Riskware,True
com.pinandbeauty.screwpuzzle,Riskware,Riskware,True
com.nuts.matcher.and,Riskware,Riskware,True
myfiles.filemanager.fileexplorer.cleaner,Riskware,Riskware,True
com.rovio.gold,Riskware,Riskware,True
com.rovio.gold,Riskware,Riskware,True
com.rovio.gold,Riskware,Riskware,True
com.nflystudio.InfiniteStaircase,Adware,Riskware,False
com.destiny.photomixer.nearme.gamecenter,Adware,Riskware,False
com.destiny.photomixer.nearme.gamecenter,Adware,Riskware,False
dk.tactile.lilysgarden,Riskware,Riskware,True
com.sweetcandy.creamrain.nearme.gamecenter,Trojan,Adware,False
com.sweetcandy.creamrain.nearme.gamecenter,Trojan,Adware,False
com.fansipan.nightfall.tower.simulation.strategy.td.game,Riskware,Riskware,True
com.JaShinn.Syahatasbadday,Riskware,Riskware,True
com.FFhouse.welcome_to_lilukas_magic_show,Riskware,Riskware,True
com.xinfa.bitmart158,Riskware,Riskware,True
com.xinfa.bitmart158,Riskware,Riskware,True
com.sec.android.app.sbrowser.webapk.w3abf13bd40438e04befd07d3b9e493451,Adware,Adware,True
com.antutu.ABenchMark,Riskware,Riskware,True
com.antutu.ABenchMark,Riskware,Riskware,True
com.sec.android.app.sbrowser.webapk.w74a1658b3e34aebf9a98882d8407e0c31,Adware,Adware,True
org.chromium.webapk.ac71902c05c423f7d_v2,Riskware,Riskware,True
org.chromium.webapk.ac71902c05c423f7d_v2,Riskware,Riskware,True
com.giraffe,Riskware,Riskware,True
ekhioogrzb.dymo,Riskware,Riskware,True
ekhioogrzb.dymo,Riskware,Riskware,True
com.herocraft.game.free.mig29,Riskware,Adware,False
com.herocraft.game.free.mig29,Riskware,Adware,False
kr.co.chamsule.smartonepass_project3_hyundai,Riskware,Riskware,True
com.zddapps.totke,Riskware,Riskware,True
com.zddapps.totke,Riskware,Riskware,True
com.stremio.one,Riskware,Riskware,True
com.trovo.streamerapp,Adware,Riskware,False
com.trovo.streamerapp,Adware,Riskware,False
com.trovo.streamerapp,Adware,Riskware,False
com.creating.flight.citizens,Riskware,Riskware,True
com.smd.douyin18.app,Riskware,Riskware,True
com.smd.douyin18.app,Riskware,Riskware,True
org.telegram.messenger.web,Riskware,Riskware,True
org.telegram.messenger.web,Riskware,Riskware,True
org.telegram.messenger.web,Riskware,Riskware,True
org.telegram.messenger.web,Riskware,Riskware,True
org.telegram.messenger.web,Riskware,Riskware,True
org.telegram.messenger.web,Riskware,Riskware,True
com.sec.android.app.sbrowser.webapk.web0addcb987f631bab5f21a0f24679321,Adware,Adware,True
com.sec.android.app.sbrowser.webapk.web0addcb987f631bab5f21a0f24679321,Adware,Adware,True
com.sec.android.app.sbrowser.webapk.web0addcb987f631bab5f21a0f24679321,Adware,Adware,True
com.sec.android.app.sbrowser.webapk.w01ccaf5481421d762a5a72f9f13df1a21,Adware,Adware,True
com.sec.android.app.sbrowser.webapk.w01ccaf5481421d762a5a72f9f13df1a21,Adware,Adware,True
com.sec.android.app.sbrowser.webapk.wcfb46148e605c3a331149710ae1bff7d1,Adware,Adware,True
com.sinfect.tpunishable.kpill,Riskware,Riskware,True
com.sinfect.tpunishable.kpill,Riskware,Riskware,True
com.sinfect.tpunishable.kpill,Riskware,Riskware,True
com.sinfect.tpunishable.kpill,Riskware,Riskware,True
com.sinfect.tpunishable.kpill,Riskware,Riskware,True
com.sinfect.tpunishable.kpill,Riskware,Riskware,True
com.sinfect.tpunishable.kpill,Riskware,Riskware,True
com.sinfect.tpunishable.kpill,Riskware,Riskware,True
ptc.battle.dogs,Riskware,Riskware,True
ptc.battle.dogs,Riskware,Riskware,True
myfiles.filemanager.fileexplorer.cleaner,Riskware,Riskware,True
org.chromium.webapk.a92f4aaa2fea7b492_v2,Riskware,Riskware,True
com.sec.android.app.sbrowser.webapk.w09a00a26d5b577be92cab88fac134d3c1,Adware,Adware,True
and.lihuhu.tilesinhole,Riskware,Riskware,True
and.lihuhu.tilesinhole,Riskware,Riskware,True
com.devastate.android,Riskware,Riskware,True
com.devastate.android,Riskware,Riskware,True
zqdrwg.knidxv.view,Trojan,Trojan,True
zqdrwg.knidxv.view,Trojan,Trojan,True
zqdrwg.knidxv.view,Trojan,Trojan,True
zqdrwg.knidxv.view,Trojan,Trojan,True
zqdrwg.knidxv.view,Trojan,Trojan,True
zqdrwg.knidxv.view,Trojan,Trojan,True
com.rdiv.vlvtnh,Riskware,Riskware,True
leyi.kingdomfall,Riskware,Riskware,True
leyi.kingdomfall,Riskware,Riskware,True
id.neetangelanderofamily.iiomeko,Riskware,Riskware,True
id.neetangelanderofamily.iiomeko,Riskware,Riskware,True
com.sec.android.app.sbrowser.webapk.w09a00a26d5b577be92cab88fac134d3c1,Adware,Adware,True
kr.co.chamsule.smartonepass_project3_hyundai,Riskware,Riskware,True
com.nathnetwork.xciptv,Riskware,Spyware,False
com.nathnetwork.xciptv,Riskware,Spyware,False
com.game.multiverse.war.idle.rpg,Riskware,Riskware,True
com.oakever.arrows,Riskware,Riskware,True
com.oakever.arrows,Riskware,Riskware,True
com.world.robux,Spyware,Riskware,False
com.tankbattle.games.free.nearme.gamecenter,Adware,Riskware,False
com.tankbattle.games.free.nearme.gamecenter,Adware,Riskware,False
org.mellifluous.msg,Riskware,Riskware,True
com.yutube.messenger,Riskware,Riskware,True
com.tankbattle.games.free.nearme.gamecenter,Adware,Riskware,False
com.tankbattle.games.free.nearme.gamecenter,Adware,Riskware,False
com.tankbattle.games.free.nearme.gamecenter,Adware,Riskware,False
org.mellifluous.msg,Riskware,Riskware,True
com.yutube.messenger,Riskware,Riskware,True
com.tankbattle.games.free.nearme.gamecenter,Adware,Riskware,False
com.video.videodownloader.player,Riskware,Riskware,True
com.video.videodownloader.player,Riskware,Riskware,True
com.scatterlab.messenger,Riskware,Riskware,True
com.scatterlab.messenger,Riskware,Riskware,True
com.sec.android.app.sbrowser.webapk.wc418beed30e8c738ae4c85e6d35b385d1,Adware,Adware,True
uk.co.extorian.EICARAntiVirusTest,Misc,Riskware,False
uk.co.extorian.EICARAntiVirusTest,Misc,Riskware,False
com.actfirstgames.seven,Riskware,Riskware,True
com.mindblocks.blocks,Riskware,Riskware,True
com.mindblocks.blocks,Riskware,Riskware,True
com.mindblocks.blocks,Riskware,Riskware,True
com.spotify.music,Riskware,Riskware,True
com.EmptyCoso.beahusksik.BeaHuskSimulator,Riskware,Riskware,True
com.square_enix.android_googleplay.dq8,Riskware,Riskware,True
com.square_enix.android_googleplay.dq8,Riskware,Riskware,True
com.sec.android.app.sbrowser.webapk.w441a328396cb35707b0581b381153bc11,Adware,Adware,True
com.og.mb.zap,Riskware,Riskware,True
com.sec.android.app.sbrowser.webapk.w45fe57a8930e665e6acb78ee011ea5391,Adware,Adware,True
ru.sijHpTFk.RXQqfUhvg,Riskware,Riskware,True
com.JaShinn.Syahatasbadday,Riskware,Riskware,True
com.JaShinn.Syahatasbadday,Riskware,Riskware,True
com.JaShinn.Syahatasbadday,Riskware,Riskware,True
org.chromium.webapk.ae4ccce231fc67945_v2,Riskware,Riskware,True
com.roblox.client,Riskware,Riskware,True
com.roblox.client,Riskware,Riskware,True
andro.ma.linkv.chat,Adware,Riskware,False
andro.ma.linkv.chat,Adware,Riskware,False
com.reboundcg.tennismanager,Riskware,Riskware,True
com.gungirls.gplay,Riskware,Riskware,True
score.footballgame.kick.soccerlegend,Riskware,Riskware,True
com.gemjem.space.survival.survivor.stars.no.man.s.sky.project.rpg,Riskware,Riskware,True
com.bolo.callertheme,Adware,Riskware,False
com.sec.android.app.sbrowser.webapk.w3831a1f54710abde164ac7748b506bf11,Adware,Adware,True
com.sec.android.app.sbrowser.webapk.w3831a1f54710abde164ac7748b506bf11,Adware,Adware,True
com.monotype.android.font.zfont_id1833976264z,Riskware,Riskware,True
com.monotype.android.font.zfont_id278438536z,Riskware,Riskware,True
com.monotype.android.font.zfont_id1488789319z,Riskware,Riskware,True
com.monotype.android.font.zfont_id1833976264z,Riskware,Riskware,True
com.monotype.android.font.zfont_id278438536z,Riskware,Riskware,True
com.monotype.android.font.zfont_id1488789319z,Riskware,Riskware,True
com.bolo.callertheme,Adware,Riskware,False
com.bolo.callertheme,Adware,Riskware,False
com.bolo.callertheme,Adware,Riskware,False
com.bolo.callertheme,Adware,Riskware,False
com.devastate.android,Riskware,Riskware,True
com.easytech.wc3,Riskware,Riskware,True
com.easytech.wc3,Riskware,Riskware,True
mffzxohb.pdieaj,Riskware,Riskware,True
com.qiya.babycard.ssvs,Riskware,Riskware,True
com.cottongame.FrontierSpace,Riskware,Riskware,True
com.cottongame.pumpkintown,Riskware,Riskware,True
com.sec.android.app.sbrowser.webapk.wbad3b1ebcb2f7d1309c6c3e3fdb4bc5f1,Adware,Adware,True
com.wwwstapssd,Trojan,Riskware,False
com.sec.android.app.sbrowser.webapk.w892423ef2cbccb28b96ab7280169f26a1,Adware,Adware,True
com.mojang.minecraftpe.tmp.patch,Riskware,Riskware,True
com.mojang.minecraftpe.tmp.patch,Riskware,Riskware,True
com.JaShinn.Syahatasbadday,Riskware,Riskware,True
com.StandByGames.GladiatorSimulator,Riskware,Riskware,True
com.StandByGames.GladiatorSimulator,Riskware,Riskware,True
jp.tyrano.tyranoplayerframework.shokushudoukutsu,Riskware,Riskware,True
tr.com.apps.supermarket.idle,Riskware,Riskware,True
com.gungirls.gplay,Riskware,Riskware,True
com.superplanet.legendino,Riskware,Riskware,True
net.eleventwoone3.tek.views202201092,Trojan,Trojan,True
com.wpak.kao122,Trojan,Riskware,False
zombie.survival.craft.z,Riskware,Riskware,True
zombie.survival.craft.z,Riskware,Riskware,True
zombie.survival.craft.z,Riskware,Riskware,True
net.eleventwoone3.tek.views202201092,Trojan,Trojan,True
com.wpak.kao122,Trojan,Riskware,False
com.spotify.lite,Riskware,Riskware,True
com.aerofly.aerofly2android,Riskware,Riskware,True
com.selabs.speak,Riskware,Riskware,True
com.aerofly.aerofly2android,Riskware,Riskware,True
com.aerofly.aerofly2android,Riskware,Riskware,True
com.selabs.speak,Riskware,Riskware,True
com.selabs.speak,Riskware,Riskware,True
com.aerofly.aerofly2android,Riskware,Riskware,True
com.aerofly.aerofly2android,Riskware,Riskware,True
com.selabs.speak,Riskware,Riskware,True
com.selabs.speak,Riskware,Riskware,True
com.selabs.speak,Riskware,Riskware,True
com.aerofly.aerofly2android,Riskware,Riskware,True
com.aerofly.aerofly2android,Riskware,Riskware,True
com.selabs.speak,Riskware,Riskware,True
com.free.vpn.super.hotspot.open,Riskware,Riskware,True
com.NEKOUJI.PUBPETS,Riskware,Riskware,True
com.roblox.client,Riskware,Riskware,True
com.unuvbaishm.lhjqxyxpea.hgiswqb.zxocyvcoos.kxumfpskr,Riskware,Riskware,True
com.unuvbaishm.lhjqxyxpea.hgiswqb.zxocyvcoos.kxumfpskr,Riskware,Riskware,True
com.unuvbaishm.lhjqxyxpea.hgiswqb.zxocyvcoos.kxumfpskr,Riskware,Riskware,True
com.unuvbaishm.lhjqxyxpea.hgiswqb.zxocyvcoos.kxumfpskr,Riskware,Riskware,True
com.qihoo.smarthome,Riskware,Riskware,True
com.sec.android.app.sbrowser.webapk.w702098b48109c336d70f4828c2b6c9ff1,Adware,Adware,True
com.sensitiveusername.npcfgw,Riskware,Riskware,True
com.sec.android.app.sbrowser.webapk.w7bfe850618e3fb4f16ff693292c8ead11,Adware,Adware,True
com.sec.android.app.sbrowser.webapk.wb9a306d1b1bf4c2cc2c42ad6e98088861,Adware,Adware,True
com.free.vpn.super.hotspot.open,Riskware,Riskware,True
com.devastate.android,Riskware,Riskware,True
com.devastate.android,Riskware,Riskware,True
age.of.korea.basilio.paleologo,Riskware,Riskware,True
com.inew.launcher,Riskware,Riskware,True
com.sec.android.app.sbrowser.webapk.wf157fab3acad87b233d1d4df72c887c21,Adware,Adware,True
com.sec.android.app.sbrowser.webapk.wf157fab3acad87b233d1d4df72c887c21,Adware,Adware,True
com.sec.android.app.sbrowser.webapk.wf157fab3acad87b233d1d4df72c887c21,Adware,Adware,True
com.sec.android.app.sbrowser.webapk.wf157fab3acad87b233d1d4df72c887c21,Adware,Adware,True
com.sec.android.app.sbrowser.webapk.wf157fab3acad87b233d1d4df72c887c21,Adware,Adware,True
com.sec.android.app.sbrowser.webapk.wf157fab3acad87b233d1d4df72c887c21,Adware,Adware,True
com.sec.android.app.sbrowser.webapk.wf157fab3acad87b233d1d4df72c887c21,Adware,Adware,True
com.sec.android.app.sbrowser.webapk.wf157fab3acad87b233d1d4df72c887c21,Adware,Adware,True
com.sec.android.app.sbrowser.webapk.wf157fab3acad87b233d1d4df72c887c21,Adware,Adware,True
com.sec.android.app.sbrowser.webapk.wf157fab3acad87b233d1d4df72c887c21,Adware,Adware,True
com.sec.android.app.sbrowser.webapk.wf157fab3acad87b233d1d4df72c887c21,Adware,Adware,True
com.sec.android.app.sbrowser.webapk.wf157fab3acad87b233d1d4df72c887c21,Adware,Adware,True
com.screwmaster5d.game,Riskware,Riskware,True
com.Playmeow.official_app260,Riskware,Riskware,True
com.AnduoGames.ThirdCrisisNeonNights,Riskware,Riskware,True
com.sec.android.app.sbrowser.webapk.w3abf13bd40438e04befd07d3b9e493451,Adware,Adware,True
com.sec.android.app.sbrowser.webapk.w3abf13bd40438e04befd07d3b9e493451,Adware,Adware,True
com.lbe.parallel.intl.arm64,Riskware,Riskware,True
com.lbe.parallel.intl.arm64,Riskware,Riskware,True
com.lbe.parallel.intl.arm64,Riskware,Riskware,True
com.lbe.parallel.intl.arm64,Riskware,Riskware,True
com.aigc.ushow.ichat,Riskware,Riskware,True
com.sec.android.app.sbrowser.webapk.w702098b48109c336d70f4828c2b6c9ff1,Adware,Adware,True
com.sec.android.app.sbrowser.webapk.w702098b48109c336d70f4828c2b6c9ff1,Adware,Adware,True
com.ultimate.cleanerpro.ucp,Riskware,Riskware,True
com.ultimate.cleanerpro.ucp,Riskware,Riskware,True
ru.enWoLzMW.lfJVkchLe,Riskware,Riskware,True
ru.enWoLzMW.lfJVkchLe,Riskware,Riskware,True
ru.lwsiskgw.qpjbasfev,Riskware,Riskware,True
superstar.games.Color.Invaders.Idle,Riskware,Riskware,True
com.cleanup.appbooster.tap,Riskware,Riskware,True
com.cleanup.appbooster.tap,Riskware,Riskware,True
com.mkak.castmazqek.titrxilq.sroisujoj.fraeithanori,Adware,Riskware,False
com.mkak.castmazqek.titrxilq.sroisujoj.fraeithanori,Adware,Riskware,False
app.rvx.android.youtube,Riskware,Riskware,True
com.yowhats.software,Riskware,Riskware,True
com.yowhats.software,Riskware,Riskware,True
com.sec.android.app.sbrowser.webapk.wee0b51524a1dfab003f6abfca7d8f1ae1,Adware,Adware,True
com.sec.android.app.sbrowser.webapk.wee0b51524a1dfab003f6abfca7d8f1ae1,Adware,Adware,True
com.sec.android.app.sbrowser.webapk.w7bfe850618e3fb4f16ff693292c8ead11,Adware,Adware,True
com.easytech.wc3,Riskware,Riskware,True
com.easytech.wc3,Riskware,Riskware,True
com.Cumbusters.GamerStruggles,Riskware,Riskware,True
org.traggleflip.club,Riskware,Riskware,True
com.nekobot.rpgmakermv,Riskware,Riskware,True
com.bolo.callertheme,Adware,Riskware,False
com.crazylabs.lady.bug,Riskware,Riskware,True
com.crazylabs.lady.bug,Riskware,Riskware,True
com.disney.cars3_goo,Riskware,Riskware,True
com.bolo.callertheme,Adware,Riskware,False
com.crazylabs.lady.bug,Riskware,Riskware,True
com.np.stone.giant,Riskware,Riskware,True
com.crazylabs.lady.bug,Riskware,Riskware,True
com.disney.cars3_goo,Riskware,Riskware,True
com.bolo.callertheme,Adware,Riskware,False
com.crazylabs.lady.bug,Riskware,Riskware,True
com.np.stone.giant,Riskware,Riskware,True
com.sec.android.app.sbrowser.webapk.w9b263042e66f8f3983611c98ccf6b3941,Adware,Adware,True
com.sec.android.app.sbrowser.webapk.wd9caa8aac60bb2a34e5055f181e89d991,Adware,Adware,True
com.droidlogic.mediacenter,Riskware,Riskware,True
com.droidlogic.mediacenter,Riskware,Riskware,True
com.limelight.unofficialA,Riskware,Riskware,True
com.limelight.unofficialA,Riskware,Riskware,True
com.droidlogic.mediacenter,Riskware,Riskware,True
age.of.history2.jakowski.lukasz.zetvl,Riskware,Riskware,True
com.droidlogic.mediacenter,Riskware,Riskware,True
org.chromium.webapk.a2f9f618d636606a8_v2,Riskware,Riskware,True
org.chromium.webapk.a2f9f618d636606a8_v2,Riskware,Riskware,True
com.tencent.ig,Riskware,Riskware,True
com.sec.android.app.sbrowser.webapk.w521eee46a49ff6182df67bda46254df41,Adware,Adware,True
com.neon.magisk,Trojan,Riskware,False
com.neon.magisk,Trojan,Riskware,False
com.cckyh.uncskbfv,Trojan,Riskware,False
com.cckyh.uncskbfv,Trojan,Riskware,False
com.cckyh.uncskbfv,Trojan,Riskware,False
com.cckyh.uncskbfv,Trojan,Riskware,False
com.rovio.gold,Riskware,Riskware,True
com.rovio.gold,Riskware,Riskware,True
org.chromium.webapk.a6a7737c2a9c96056_v2,Riskware,Riskware,True
org.chromium.webapk.a6a7737c2a9c96056_v2,Riskware,Riskware,True
com.bolo.callertheme,Adware,Riskware,False
com.bolo.callertheme,Adware,Riskware,False
com.vs.WI2JAD,Riskware,Riskware,True
com.vs.WI2JAD,Riskware,Riskware,True
com.monotype.android.font.rix,Riskware,Riskware,True
com.monotype.android.font.skrtj,Riskware,Riskware,True
com.monotype.android.font.yoon,Riskware,Riskware,True
com.monotype.android.font.littlewizardd,Riskware,Riskware,True
com.monotype.android.font.simple,Riskware,Riskware,True
com.monotype.android.font.water,Riskware,Riskware,True
com.monotype.android.font.cutie,Riskware,Riskware,True
com.photoeditor.background.blur,Adware,Riskware,False
com.photoeditor.background.blur,Adware,Riskware,False
com.Level5.LT1RKR,Riskware,Riskware,True
com.Level5.LT1RKR,Riskware,Riskware,True
com.rails.corks,Trojan,Riskware,False
com.rails.corks,Trojan,Riskware,False
com.rails.corks,Trojan,Riskware,False
com.rails.corks,Trojan,Riskware,False
com.cleanup.appbooster.tap,Riskware,Riskware,True
com.cleanup.appbooster.tap,Riskware,Riskware,True
kr.co.chamsule.smartonepass_project3_hyundai,Riskware,Riskware,True
net.kairosoft.android.snsdev_en,Riskware,Riskware,True
net.kairosoft.android.snsdev_en,Riskware,Riskware,True
kr.co.chamsule.smartonepass_project3_hyundai,Riskware,Riskware,True
org.chromium.webapk.afdfcabe62136879e_v2,Riskware,Riskware,True
com.markany.mobilesaferlite,Riskware,Riskware,True
com.markany.mobilesaferlite,Riskware,Riskware,True
org.chromium.webapk.afdfcabe62136879e_v2,Riskware,Riskware,True
com.sec.android.app.sbrowser.webapk.wf6012ffde6496e8103745c9b68178b831,Adware,Adware,True
com.sec.android.app.sbrowser.webapk.wf6012ffde6496e8103745c9b68178b831,Adware,Adware,True
com.ultimate.cleanerpro.ucp,Riskware,Riskware,True
org.chromium.webapk.a772ba4e695a949b5_v2,Riskware,Riskware,True
org.chromium.webapk.a87b3332f2bf5a1c5_v2,Riskware,Riskware,True
score.footballgame.kick.soccerlegend,Riskware,Riskware,True
score.footballgame.kick.soccerlegend,Riskware,Riskware,True
com.markany.mobilesaferlite,Riskware,Riskware,True
com.monotype.android.font.zfont_id1453619294z,Riskware,Riskware,True
com.t2ksports.nba2k17android,Riskware,Riskware,True
com.t2ksports.nba2k17android,Riskware,Riskware,True
com.t2ksports.nba2k17android,Riskware,Riskware,True
org.chromium.webapk.a3b4ea8ab8c723e57_v2,Riskware,Riskware,True
com.cleanup.appbooster.tap,Riskware,Riskware,True
com.fde.avpevolution,Riskware,Riskware,True
com.fde.avpevolution,Riskware,Riskware,True
com.sec.android.app.sbrowser.webapk.we7dc53d98d60a3e0cd30858e659bad0c1,Adware,Adware,True
com.sec.android.app.sbrowser.webapk.we145de1335571e70d9a3981fb2eb86901,Adware,Adware,True
com.adguard.android,Trojan,Riskware,False
com.adguard.android,Trojan,Riskware,False
com.adguard.android,Trojan,Riskware,False
com.adguard.android,Trojan,Riskware,False
com.sec.android.app.sbrowser.webapk.wae22dd5a2434bcd4c02e1e8d55d3b31c1,Adware,Adware,True
com.sec.android.app.sbrowser.webapk.wae22dd5a2434bcd4c02e1e8d55d3b31c1,Adware,Adware,True
com.sec.android.app.sbrowser.webapk.wc418beed30e8c738ae4c85e6d35b385d1,Adware,Adware,True
com.sec.android.app.sbrowser.webapk.wc418beed30e8c738ae4c85e6d35b385d1,Adware,Adware,True
net.kairosoft.android.boxing,Riskware,Riskware,True
com.devastate.android,Riskware,Riskware,True
com.devastate.android,Riskware,Riskware,True
com.pushdncoim.nydisopi,Riskware,Riskware,True
com.coopresapps.free.antivirus,Riskware,Riskware,True
com.og.mb.zap,Riskware,Riskware,True
com.mindblocks.blocks,Riskware,Riskware,True
com.mindblocks.blocks,Riskware,Riskware,True
com.mindblocks.blocks,Riskware,Riskware,True
com.mindblocks.blocks,Riskware,Riskware,True
com.iconnect.imageeditor.ibonobono201310162055,Riskware,Riskware,True
com.iconnect.imageeditor.ibonobono201310162055,Riskware,Riskware,True
com.sec.android.app.sbrowser.webapk.w702098b48109c336d70f4828c2b6c9ff1,Adware,Adware,True
com.sec.android.app.sbrowser.webapk.w702098b48109c336d70f4828c2b6c9ff1,Adware,Adware,True
com.sec.android.app.sbrowser.webapk.w7bfe850618e3fb4f16ff693292c8ead11,Adware,Adware,True
com.iChannela_phone,Riskware,Riskware,True
com.iChannela_phone,Riskware,Riskware,True
com.governor.titles.controller,Riskware,Riskware,True
kr.co.chamsule.smartonepass_project3_hyundai,Riskware,Riskware,True
com.magic.drama.reels,Riskware,Riskware,True
com.epicoro.castleclashers,Riskware,Riskware,True
com.roblox.client,Riskware,Riskware,True
com.rtrbz.gpdaxcxr.hmculsusyj.duttknjbr,Trojan,Riskware,False
com.rtrbz.gpdaxcxr.hmculsusyj.duttknjbr,Trojan,Riskware,False
com.rtrbz.gpdaxcxr.hmculsusyj.duttknjbr,Trojan,Riskware,False
ikanbot.com,Trojan,Riskware,False
com.devastate.android,Riskware,Riskware,True
com.devastate.android,Riskware,Riskware,True
com.alightcreative.motioo,Riskware,Riskware,True
too.hkgsmn.ysoqmz.scyxug,Riskware,Riskware,True
too.hkgsmn.ysoqmz.scyxug,Riskware,Riskware,True
com.herocraft.game.yumsters.free,Riskware,Adware,False
com.herocraft.game.yumsters.free,Riskware,Adware,False
com.herocraft.game.yumsters.free,Riskware,Adware,False
com.herocraft.game.yumsters.free,Riskware,Adware,False
com.herocraft.game.yumsters.free,Riskware,Adware,False
com.herocraft.game.yumsters.free,Riskware,Adware,False
net.kairosoft.android.gamecenterdx,Riskware,Riskware,True
net.kairosoft.android.kingdom_en,Riskware,Riskware,True
com.faultexception.reader,Riskware,Riskware,True
com.faultexception.reader,Riskware,Riskware,True
org.lfta.nolmse.earamacr.icese_priec,Adware,Riskware,False
org.lfta.nolmse.earamacr.icese_priec,Adware,Riskware,False
com.nextgen.app,Riskware,Riskware,True
com.nextgen.app,Riskware,Riskware,True
com.nextgen.app,Riskware,Riskware,True
com.gamehivecorp.taptitans2,Riskware,Riskware,True
com.gamehivecorp.taptitans2,Riskware,Riskware,True
com.markany.mobilesaferlite,Riskware,Riskware,True
com.markany.mobilesaferlite,Riskware,Riskware,True
com.markany.mobilesaferlite,Riskware,Riskware,True
com.markany.mobilesaferlite,Riskware,Riskware,True
com.markany.mobilesaferlite,Riskware,Riskware,True
com.markany.mobilesaferlite,Riskware,Riskware,True
com.markany.mobilesaferlite,Riskware,Riskware,True
com.markany.mobilesaferlite,Riskware,Riskware,True
com.markany.mobilesaferlite,Riskware,Riskware,True
com.rsupport.rs.activity.lge.allinone.overlay,Adware,Adware,True
com.lge.gallery.aodimagewidget.overlay,Adware,Adware,True
com.lge.filemanager.overlay,Adware,Adware,True
com.lge.ime.overlay,Adware,Adware,True
com.lge.updatecenter.overlay,Adware,Adware,True
com.android.settings.overlay,Adware,Adware,True
com.lge.sizechangable.weather.platform.overlay,Adware,Adware,True
com.lge.smartsharepush.overlay,Adware,Adware,True
com.lge.fmradio.overlay,Adware,Adware,True
com.lge.vrplayer.overlay,Adware,Adware,True
com.lge.gallery.aodimagewidget.overlay,Adware,Adware,True
com.lge.filemanager.overlay,Adware,Adware,True
com.rsupport.rs.activity.lge.allinone.overlay,Adware,Adware,True
com.lge.updatecenter.overlay,Adware,Adware,True
com.lge.ime.overlay,Adware,Adware,True
com.android.settings.overlay,Adware,Adware,True
com.lge.sizechangable.weather.platform.overlay,Adware,Adware,True
com.lge.fmradio.overlay,Adware,Adware,True
com.lge.vrplayer.overlay,Adware,Adware,True
com.lge.smartsharepush.overlay,Adware,Adware,True
com.lge.gallery.aodimagewidget.overlay,Adware,Adware,True
com.lge.filemanager.overlay,Adware,Adware,True
com.rsupport.rs.activity.lge.allinone.overlay,Adware,Adware,True
com.lge.ime.overlay,Adware,Adware,True
com.lge.updatecenter.overlay,Adware,Adware,True
com.android.settings.overlay,Adware,Adware,True
com.lge.sizechangable.weather.platform.overlay,Adware,Adware,True
com.lge.smartsharepush.overlay,Adware,Adware,True
com.lge.fmradio.overlay,Adware,Adware,True
com.lge.vrplayer.overlay,Adware,Adware,True
com.MOBGames.PoppyMobileChap1,Riskware,Riskware,True
app.rvx.android.youtube,Riskware,Riskware,True
com.aerofly.aerofly2android,Riskware,Riskware,True
com.selabs.speak,Riskware,Riskware,True
net.kairosoft.android.airplane_en,Riskware,Riskware,True
ddfcehdl.hjjdhcbm.aegeebgn,Riskware,Riskware,True
com.vscyliorhinidae.mlari.dquartzlamp,Riskware,Riskware,True
com.vscyliorhinidae.mlari.dquartzlamp,Riskware,Riskware,True
com.vscyliorhinidae.mlari.dquartzlamp,Riskware,Riskware,True
com.vscyliorhinidae.mlari.dquartzlamp,Riskware,Riskware,True
kr.co.chamsule.smartonepass_project3_hyundai,Riskware,Riskware,True
com.privara.protect,Riskware,Riskware,True
com.privara.protect,Riskware,Riskware,True
quick.flashlight.ahpro,Riskware,Riskware,True
quick.flashlight.ahpro,Riskware,Riskware,True
com.pomenest.coinsummoner,Riskware,Riskware,True
com.mxdzzus.google,Riskware,Riskware,True
com.walk.run.crazy.challenge,Riskware,Riskware,True
com.trovo.streamerapp,Adware,Riskware,False
com.trovo.streamerapp,Adware,Riskware,False
com.trovo.streamerapp,Adware,Riskware,False
com.trovo.streamerapp,Adware,Riskware,False
com.spotify.music,Riskware,Riskware,True
com.spotify.music,Riskware,Riskware,True
com.spotify.music,Riskware,Riskware,True
com.viki.android,Riskware,Riskware,True
com.viki.android,Riskware,Riskware,True
com.sec.android.app.sbrowser.webapk.wf6012ffde6496e8103745c9b68178b831,Adware,Adware,True
com.gmail.heagoo.apkeditor.pro,Trojan,Trojan,True
com.gmail.heagoo.apkeditor.pro,Trojan,Trojan,True
com.monotype.android.font.zfont_id1618876636z,Riskware,Riskware,True
com.monotype.android.font.zfont_id1618876636z,Riskware,Riskware,True
com.MaxStudi258o.DLFM.gamf,Riskware,Riskware,True
kr.caramel.flash_plus,Adware,Riskware,False
com.sh10202011096.activity1,Trojan,Trojan,True
com.sh10202011096.activity1,Trojan,Trojan,True
com.sh10202011096.activity1,Trojan,Trojan,True
com.sh10202011096.activity1,Trojan,Trojan,True
com.sh10202011096.activity1,Trojan,Trojan,True
com.sh10202011096.activity1,Trojan,Trojan,True
com.sh10202011096.activity1,Trojan,Trojan,True
com.sh10202011096.activity1,Trojan,Trojan,True
com.sh10202011096.activity1,Trojan,Trojan,True
com.sh10202011096.activity1,Trojan,Trojan,True
com.sh10202011096.activity1,Trojan,Trojan,True
com.sh10202011096.activity1,Trojan,Trojan,True
com.sh10202011096.activity1,Trojan,Trojan,True
com.sh10202011096.activity1,Trojan,Trojan,True
com.sh10202011096.activity1,Trojan,Trojan,True
com.sh10202011096.activity1,Trojan,Trojan,True
com.sh10202011096.activity1,Trojan,Trojan,True
com.sh10202011096.activity1,Trojan,Trojan,True
com.sh10202011096.activity1,Trojan,Trojan,True
com.sh10202011096.activity1,Trojan,Trojan,True
com.sh10202011096.activity1,Trojan,Trojan,True
com.sh10202011096.activity1,Trojan,Trojan,True
com.sh10202011096.activity1,Trojan,Trojan,True
com.sh10202011096.activity1,Trojan,Trojan,True
com.sh10202011096.activity1,Trojan,Trojan,True
com.sh10202011096.activity1,Trojan,Trojan,True
com.t2ksports.wwe2k15mobile,Riskware,Riskware,True
com.t2ksports.wwe2k15mobile,Riskware,Riskware,True
com.monotype.android.font.zfont_id1387642778z,Riskware,Riskware,True
com.fengiiley.frlegends,Riskware,Riskware,True
com.sec.android.app.sbrowser.webapk.w927dcc91f5d811ac1dd33be08314abe51,Adware,Adware,True
com.localnews.android.kr,Riskware,Riskware,True
com.localnews.android.kr,Riskware,Riskware,True
kr.co.chamsule.smartonepass_project3_hyundai,Riskware,Riskware,True
com.boost.rubi,Riskware,Riskware,True
com.rdiv.vlvtnh,Riskware,Riskware,True
com.boost.rubi,Riskware,Riskware,True
com.boost.rubi,Riskware,Riskware,True
com.rdiv.vlvtnh,Riskware,Riskware,True
com.boost.rubi,Riskware,Riskware,True
com.boost.rubi,Riskware,Riskware,True
com.boost.rubi,Riskware,Riskware,True
com.fffungame.taptaprun,Riskware,Riskware,True
com.MyAssociation.White,Riskware,Riskware,True
com.Yabukaradoo.ExSim02,Riskware,Riskware,True
com.NEKOUJI.PUBPETS,Riskware,Riskware,True
com.lywmkcpapw.s8o1d3bxnn3.omennd,Adware,Riskware,False
com.lywmkcpapw.s8o1d3bxnn3.omennd,Adware,Riskware,False
com.sec.android.app.sbrowser.webapk.w74a1658b3e34aebf9a98882d8407e0c31,Adware,Adware,True
com.sec.android.app.sbrowser.webapk.w74a1658b3e34aebf9a98882d8407e0c31,Adware,Adware,True
score.footballgame.kick.soccerlegend,Riskware,Riskware,True
com.sec.android.app.sbrowser.webapk.w8aaff42fde9c21a064c9d090a617586f1,Adware,Adware,True
com.roblox.client,Riskware,Riskware,True
com.rovio.angrybirds.freetime,Riskware,Riskware,True
com.rovio.angrybirds.freetime,Riskware,Riskware,True
score.footballgame.kick.soccerlegend,Riskware,Riskware,True
score.footballgame.kick.soccerlegend,Riskware,Riskware,True
com.aegata.book,Riskware,Riskware,True
com.aegata.book,Riskware,Riskware,True
f.cqwe.jwdsd,Trojan,Riskware,False
f.cqwe.jwdsd,Trojan,Riskware,False
f.cqwe.jwdsd,Trojan,Riskware,False
f.cqwe.jwdsd,Trojan,Riskware,False
jp.pokemon.pokemonchampions,Riskware,Riskware,True
jp.pokemon.pokemonchampions,Riskware,Riskware,True
age.of.history2.jakowski.lukasz.zetvl,Riskware,Riskware,True
com.happylabs.happymall,Riskware,Riskware,True
score.footballgame.kick.soccerlegend,Riskware,Riskware,True
score.footballgame.kick.soccerlegend,Riskware,Riskware,True
com.miku.tool,Trojan,Riskware,False
com.miku.tool,Trojan,Riskware,False
com.lge.filemanager.overlay,Adware,Adware,True
com.lge.gallery.aodimagewidget.overlay,Adware,Adware,True
com.lge.updatecenter.overlay,Adware,Adware,True
com.lge.ime.overlay,Adware,Adware,True
com.android.settings.overlay,Adware,Adware,True
com.lge.sizechangable.weather.platform.overlay,Adware,Adware,True
com.lge.smartsharepush.overlay,Adware,Adware,True
com.lge.fmradio.overlay,Adware,Adware,True
com.lge.vrplayer.overlay,Adware,Adware,True
com.pinandbeauty.screwpuzzle,Riskware,Riskware,True
com.mobilebox.dailycoin,Riskware,Riskware,True
net.kairosoft.android.animestudio_en,Riskware,Riskware,True
net.kairosoft.android.wrestling,Riskware,Riskware,True
net.kairosoft.android.animestudio_en,Riskware,Riskware,True
net.kairosoft.android.boxing,Riskware,Riskware,True
net.kairosoft.android.resort,Riskware,Riskware,True
net.kairosoft.android.wrestling,Riskware,Riskware,True
com.test.YYY2,Riskware,Riskware,True
com.JaShinn.Syahatasbadday,Riskware,Riskware,True
com.JaShinn.Syahatasbadday,Riskware,Riskware,True
com.JaShinn.Syahatasbadday,Riskware,Riskware,True
com.JaShinn.Syahatasbadday,Riskware,Riskware,True
com.JaShinn.Syahatasbadday,Riskware,Riskware,True
com.hippogames.ludosaga,Adware,Riskware,False
com.hippogames.ludosaga,Adware,Riskware,False
air.com.eni.milkt.hair,Riskware,Riskware,True
air.com.eni.milkt.hair,Riskware,Riskware,True
com.sec.android.app.sbrowser.webapk.wf6012ffde6496e8103745c9b68178b831,Adware,Adware,True
com.sec.android.app.sbrowser.webapk.wf6012ffde6496e8103745c9b68178b831,Adware,Adware,True
com.sec.android.app.sbrowser.webapk.w3abf13bd40438e04befd07d3b9e493451,Adware,Adware,True
com.sec.android.app.sbrowser.webapk.w3abf13bd40438e04befd07d3b9e493451,Adware,Adware,True
com.monotype.android.font.zfont_id664129986z,Riskware,Riskware,True
com.monotype.android.font.zfont_id664129986z,Riskware,Riskware,True
com.devastate.android,Riskware,Riskware,True
com.devastate.android,Riskware,Riskware,True
kr.co.chamsule.smartonepass_project3_hyundai,Riskware,Riskware,True
io.supercent.downhill,Riskware,Riskware,True
com.progresslab.conversation,Adware,Riskware,False
com.progresslab.conversation,Adware,Riskware,False
com.calculatortalks.nearme.gamecenter,Adware,Adware,True
com.calculatortalks.nearme.gamecenter,Adware,Adware,True
io.supercent.downhill,Riskware,Riskware,True
com.sec.android.app.sbrowser.webapk.w423cfa099fc7829912a7b6ccf03e37081,Adware,Adware,True
com.storytaco.erolabs.pc01mclient,Riskware,Riskware,True
c.aw2.o_z_three,Riskware,Riskware,True
c.aw2.o_z_three,Riskware,Riskware,True
c.aw2.o_z_three,Riskware,Riskware,True
c.aw2.o_z_three,Riskware,Riskware,True
c.aw2.o_z_three,Riskware,Riskware,True
c.aw2.o_z_three,Riskware,Riskware,True
c.aw2.o_z_three,Riskware,Riskware,True
com.video.videodownloader.player,Riskware,Riskware,True
org.chromium.webapk.a4ca7761ea18fe8c5_v2,Riskware,Riskware,True
org.chromium.webapk.a4ca7761ea18fe8c5_v2,Riskware,Riskware,True
com.faceswap.facechanger.aiheadshot,Riskware,Riskware,True
com.sec.android.app.sbrowser.webapk.w702098b48109c336d70f4828c2b6c9ff1,Adware,Adware,True
com.zombie.war.idle.defense,Riskware,Riskware,True
com.zombie.war.idle.defense,Riskware,Riskware,True
com.zombie.war.idle.defense,Riskware,Riskware,True
games.war.regions,Riskware,Riskware,True
com.zombie.war.idle.defense,Riskware,Riskware,True
com.zombie.war.idle.defense,Riskware,Riskware,True
com.zombie.war.idle.defense,Riskware,Riskware,True
com.iconnect.imageeditor.ibonobono201310162055,Riskware,Riskware,True
com.sec.android.app.sbrowser.webapk.wce0260c3a849481681257c31e18d0ffd1,Adware,Adware,True
com.sec.android.app.sbrowser.webapk.wce0260c3a849481681257c31e18d0ffd1,Adware,Adware,True
com.digitalchemy.timerplus,Riskware,Riskware,True
com.digitalchemy.timerplus,Riskware,Riskware,True
com.sec.android.app.sbrowser.webapk.w742c9252bce848b01cbf8d79b1de47941,Adware,Adware,True
com.mindblocks.blocks,Riskware,Riskware,True
net.kairosoft.android.television,Riskware,Riskware,True
net.kairosoft.android.towns,Riskware,Riskware,True
net.kairosoft.android.resort,Riskware,Riskware,True
org.ppsspp.ppsspp,Riskware,Riskware,True
net.kairosoft.android.cruise_en,Riskware,Riskware,True
com.square_enix.android_googleplay.dq5,Riskware,Riskware,True
net.kairosoft.android.bouken2,Riskware,Riskware,True
com.square_enix.android_googleplay.FFPR6,Riskware,Riskware,True
com.sec.android.app.sbrowser.webapk.w602a9505dc68f2b050446c8c6f0119491,Adware,Adware,True
com.sec.android.app.sbrowser.webapk.we03a10a550be47507967ce8930d9d5521,Adware,Adware,True
com.xin.shz,Riskware,Riskware,True
com.antutu.ABenchMark,Riskware,Riskware,True
com.sec.android.app.sbrowser.webapk.w74a1658b3e34aebf9a98882d8407e0c31,Adware,Adware,True
com.a5eqfn5vx81vrgrmdmq5hmrwm5d9oyjoiaoidhhabfz1uu1ulqikzgyt1l0e.app,Riskware,Riskware,True
com.a5eqfn5vx81vrgrmdmq5hmrwm5d9oyjoiaoidhhabfz1uu1ulqikzgyt1l0e.app,Riskware,Riskware,True
org.chromium.webapk.a5ce2fac3feed7915_v2,Riskware,Riskware,True
com.hand.sling,Trojan,Trojan,True
com.hand.sling,Trojan,Trojan,True
com.hand.sling,Trojan,Trojan,True
com.hand.sling,Trojan,Trojan,True
com.sec.android.app.sbrowser.webapk.wf6012ffde6496e8103745c9b68178b831,Adware,Adware,True
rpgmv.yame.a274,Riskware,Riskware,True
rpgmv.yame.a274,Riskware,Riskware,True
com.easytech.strategy.wargame.sengoku.shogun,Riskware,Riskware,True
com.sec.android.app.sbrowser.webapk.we7dc53d98d60a3e0cd30858e659bad0c1,Adware,Adware,True
com.rovio.gold,Riskware,Riskware,True
com.sec.android.app.sbrowser.webapk.w74a1658b3e34aebf9a98882d8407e0c31,Adware,Adware,True
com.sec.android.app.sbrowser.webapk.wb4776923a5dd00434a8241544101001d1,Adware,Adware,True
com.sec.android.app.sbrowser.webapk.wf6012ffde6496e8103745c9b68178b831,Adware,Adware,True
com.sec.android.app.sbrowser.webapk.w1050b0df196683eab98d0534cf5718c71,Adware,Adware,True
kr.co.chamsule.smartonepass_project3_hyundai,Riskware,Riskware,True
com.youkushengshi.yldrjsseven,Riskware,Riskware,True
com.Playmeow.official_app757,Riskware,Riskware,True
com.GameCoaster.DungeonMaker,Riskware,Riskware,True
com.sec.android.app.sbrowser.webapk.w7bfe850618e3fb4f16ff693292c8ead11,Adware,Adware,True
com.aoringo.saraEN,Riskware,Riskware,True
eu.redsky.whorehousemanager,Riskware,Riskware,True
com.sec.android.app.sbrowser.webapk.w7ae608c41e7eda571808fea12644e4e31,Adware,Adware,True
com.sec.android.app.sbrowser.webapk.w3abf13bd40438e04befd07d3b9e493451,Adware,Adware,True
com.ezphyt.fvxbrm.tgxmebkwq.oygvskhxx,Riskware,Riskware,True
com.ezphyt.fvxbrm.tgxmebkwq.oygvskhxx,Riskware,Riskware,True
com.ezphyt.fvxbrm.tgxmebkwq.oygvskhxx,Riskware,Riskware,True
com.ezphyt.fvxbrm.tgxmebkwq.oygvskhxx,Riskware,Riskware,True
com.ezphyt.fvxbrm.tgxmebkwq.oygvskhxx,Riskware,Riskware,True
com.ezphyt.fvxbrm.tgxmebkwq.oygvskhxx,Riskware,Riskware,True
app.revanced.android.gms,Riskware,Riskware,True
com.candlencom.candleprotest,Adware,Riskware,False
com.candlencom.candleprotest,Adware,Riskware,False
com.minireels.shortdrama,Riskware,Riskware,True
org.chromium.webapk.a6f3eb118291fe10a_v2,Riskware,Riskware,True
org.chromium.webapk.a6f3eb118291fe10a_v2,Riskware,Riskware,True
asesvr.kzdwqkro.xslus,Riskware,Riskware,True
net.wzanbaqm.sdmuyw,Riskware,Riskware,True
net.wzanbaqm.sdmuyw,Riskware,Riskware,True
asesvr.kzdwqkro.xslus,Riskware,Riskware,True
net.wzanbaqm.sdmuyw,Riskware,Riskware,True
asesvr.kzdwqkro.xslus,Riskware,Riskware,True
com.kakwilojocvez.qusibcote,Adware,Riskware,False
com.trovo.streamerapp,Adware,Riskware,False
com.Yabukaradoo.NejicomiSimulator,Riskware,Riskware,True
com.limelight.unofficialA,Riskware,Riskware,True
com.hbns.geoje.store,Trojan,Trojan,True
com.roblox.client,Riskware,Riskware,True
kr.caramel.flash_plus,Adware,Riskware,False
com.sec.android.app.sbrowser.webapk.w702098b48109c336d70f4828c2b6c9ff1,Adware,Adware,True
com.sec.android.app.sbrowser.webapk.w702098b48109c336d70f4828c2b6c9ff1,Adware,Adware,True
com.monotype.android.font.zfont_id1877463206z,Riskware,Riskware,True
com.monotype.android.font.zfont_id1877463206z,Riskware,Riskware,True
com.nexon.kartriderrush.android.olleh,Spyware,Riskware,False
com.jolr.nxfuqfie,Trojan,Riskware,False
kr.co.chamsule.smartonepass_project3_hyundai,Riskware,Riskware,True
com.ubisoft.princeofpersia.thelostcrown.mobile.action.adventure.platform,Riskware,Riskware,True
com.sec.android.app.sbrowser.webapk.w702098b48109c336d70f4828c2b6c9ff1,Adware,Adware,True
com.nexon.kartriderrush.android.olleh,Spyware,Riskware,False
kr.co.chamsule.smartonepass_project3_hyundai,Riskware,Riskware,True
com.sec.android.app.sbrowser.webapk.w441a328396cb35707b0581b381153bc11,Adware,Adware,True
com.markany.mobilesaferlite,Riskware,Riskware,True
com.markany.mobilesaferlite,Riskware,Riskware,True
com.markany.mobilesaferlite,Riskware,Riskware,True
com.markany.mobilesaferlite,Riskware,Riskware,True
kr.co.chamsule.smartonepass_project3_hyundai,Riskware,Riskware,True
com.markany.mobilesaferlite,Riskware,Riskware,True
com.fgb.idleleo,Riskware,Riskware,True
kr.co.chamsule.smartonepass_project3_hyundai,Riskware,Riskware,True
com.dojinotome.app,Riskware,Riskware,True
com.dojinotome.app,Riskware,Riskware,True
erthd.hmfghj.trdfs,Trojan,Riskware,False
com.appspace.fast.secure.vpn,Riskware,Trojan,False
com.roblox.client,Riskware,Riskware,True
com.breakingnews.player,Riskware,Riskware,True
com.breakingnews.player,Riskware,Riskware,True
com.cold.toothbrush,Trojan,Riskware,False
com.cold.toothbrush,Trojan,Riskware,False
com.bubadu.bubbu,Riskware,Riskware,True
com.sec.android.app.sbrowser.webapk.w7bfe850618e3fb4f16ff693292c8ead11,Adware,Adware,True
dk.tactile.lilysgarden,Riskware,Riskware,True
com.sec.android.app.sbrowser.webapk.w702098b48109c336d70f4828c2b6c9ff1,Adware,Adware,True
tjuygqy.mavswoa,Riskware,Riskware,True
tjuygqy.mavswoa,Riskware,Riskware,True
tjuygqy.mavswoa,Riskware,Riskware,True
tjuygqy.mavswoa,Riskware,Riskware,True
rpgmv.yame.a397,Riskware,Riskware,True
rpgmv.yame.a397,Riskware,Riskware,True
com.monotype.android.font.zfont_id1833976264z,Riskware,Riskware,True
com.monotype.android.font.zfont_id1833976264z,Riskware,Riskware,True
com.Playmeow.official_app757,Riskware,Riskware,True
com.Playmeow.official_app757,Riskware,Riskware,True
com.hippogames.ludosaga,Adware,Riskware,False
com.sec.android.app.sbrowser.webapk.wc418beed30e8c738ae4c85e6d35b385d1,Adware,Adware,True
com.devastate.android,Riskware,Riskware,True
com.devastate.android,Riskware,Riskware,True
com.Playmeow.official_app757,Riskware,Riskware,True
com.Playmeow.official_app757,Riskware,Riskware,True
air.com.eni.milkt.hair,Riskware,Riskware,True
air.com.eni.milkt.hair,Riskware,Riskware,True
com.mofu.neko,Riskware,Riskware,True
com.nextgen.app,Riskware,Riskware,True
com.nextgen.app,Riskware,Riskware,True
com.nextgen.app,Riskware,Riskware,True
com.nextgen.app,Riskware,Riskware,True
jp.tyrano.tyranoplayerframework.shokushudoukutsu,Misc,Riskware,False
jp.tyrano.tyranoplayerframework.shokushudoukutsu,Misc,Riskware,False
com.bolo.callertheme,Adware,Riskware,False
com.bolo.callertheme,Adware,Riskware,False
com.iconnect.imageeditor.isihoe201212171751,Riskware,Riskware,True
com.iconnect.imageeditor.icjcj201310222159,Riskware,Riskware,True
com.iconnect.imageeditor.ipark201212202010,Riskware,Riskware,True
id.rj01302356.iiomeko,Riskware,Riskware,True
reasoning.reasoning.reasoning.reasoning,Riskware,Riskware,True
com.zddapps.totke,Riskware,Riskware,True
com.sec.android.app.sbrowser.webapk.w702098b48109c336d70f4828c2b6c9ff1,Adware,Adware,True
com.dashangxi.waludingbusi.pakrk,Adware,Riskware,False
com.dashangxi.waludingbusi.pakrk,Adware,Riskware,False
reasoning.reasoning.reasoning.reasoning,Riskware,Riskware,True
com.zddapps.totke,Riskware,Riskware,True
kr.co.chamsule.smartonepass_project3_hyundai,Riskware,Riskware,True
com.sec.android.app.sbrowser.webapk.wae22dd5a2434bcd4c02e1e8d55d3b31c1,Adware,Adware,True
com.sec.android.app.sbrowser.webapk.w3abf13bd40438e04befd07d3b9e493451,Adware,Adware,True
com.uber.player,Riskware,Riskware,True
com.uber.player,Riskware,Riskware,True
org.chromium.webapk.adcdbdb4df36b33f8_v2,Riskware,Riskware,True
com.splendapps.torch,Riskware,Riskware,True
app.safecam,Riskware,Riskware,True
com.lge.smartsharepush.overlay,Adware,Adware,True
com.lge.vrplayer.overlay,Adware,Adware,True
com.lge.sizechangable.weather.platform.overlay,Adware,Adware,True
com.android.settings.overlay,Adware,Adware,True
com.lge.fmradio.overlay,Adware,Adware,True
com.lge.updatecenter.overlay,Adware,Adware,True
com.lge.ime.overlay,Adware,Adware,True
com.lge.filemanager.overlay,Adware,Adware,True
com.rsupport.rs.activity.lge.allinone.overlay,Adware,Adware,True
h.yuozqs.ollx,Trojan,Riskware,False
h.yuozqs.ollx,Trojan,Riskware,False
com.direwolfdigital.sagrada,Riskware,Riskware,True
com.NEKOUJI.PUBPETS,Riskware,Riskware,True
com.MikiY.MalO_Interactive,Riskware,Riskware,True
com.Playmeow.official_app96,Riskware,Riskware,True
kr.co.chamsule.smartonepass_project3_hyundai,Riskware,Riskware,True
dk.tactile.lilysgarden,Riskware,Riskware,True
org.chromium.webapk.a9398941bd3975fe2_v2,Riskware,Riskware,True
com.busanmusicbusanmusic.balisurfbalisurf,Riskware,Riskware,True
com.busanmusicbusanmusic.balisurfbalisurf,Riskware,Riskware,True
com.busanmusicbusanmusic.balisurfbalisurf,Riskware,Riskware,True
com.busanmusicbusanmusic.balisurfbalisurf,Riskware,Riskware,True
com.cleanup.appbooster.tap,Riskware,Riskware,True
com.winlator.vanilla,Riskware,Riskware,True
com.sec.android.app.sbrowser.webapk.w0f993a46f0cbb62be83bc5c8c74231c21,Adware,Adware,True
com.sec.android.app.sbrowser.webapk.w72d52ac09659a72151089be0fc2ec1b11,Adware,Adware,True
com.idtv.go,Trojan,Spyware,False
com.platinum.iptv,Spyware,Spyware,True
com.lck.lxtream.player_dragonclubiptv,Spyware,Riskware,False
com.sec.android.app.sbrowser.webapk.wc3a3b20b65d700ec09054c1c92075a4b1,Adware,Adware,True
com.sec.android.app.sbrowser.webapk.w66ad9dbbbdd02e8f1867a4f8f5285dbc1,Adware,Adware,True
com.newlove.zmq,Adware,Riskware,False
com.newlove.zmq,Adware,Riskware,False
com.roblox.client,Riskware,Riskware,True
com.Playmeow.official_app757,Riskware,Riskware,True
org.chromium.webapk.a6768873a49ceca05_v2,Riskware,Riskware,True
org.chromium.webapk.a6768873a49ceca05_v2,Riskware,Riskware,True
com.ibqv.qcjzjziu,Riskware,Riskware,True
com.ibqv.qcjzjziu,Riskware,Riskware,True
com.ibqv.qcjzjziu,Riskware,Riskware,True
com.ibqv.qcjzjziu,Riskware,Riskware,True
com.ibqv.qcjzjziu,Riskware,Riskware,True
com.ibqv.qcjzjziu,Riskware,Riskware,True
com.ibqv.qcjzjziu,Riskware,Riskware,True
com.ibqv.qcjzjziu,Riskware,Riskware,True
dark.EOlGO.SQnBS,Riskware,Riskware,True
com.markany.mobilesaferlite,Riskware,Riskware,True
com.markany.mobilesaferlite,Riskware,Riskware,True
com.roblox.client,Riskware,Riskware,True
com.roblox.client,Riskware,Riskware,True
com.fansipan.nightfall.tower.simulation.strategy.td.game,Riskware,Riskware,True
dark.bkbGp.pxgxW,Riskware,Riskware,True
kr.co.chamsule.smartonepass_project3_hyundai,Riskware,Riskware,True
kr.co.chamsule.smartonepass_project3_hyundai,Riskware,Riskware,True
com.funsteps.money.reward.free,Riskware,Riskware,True
com.funsteps.money.reward.free,Riskware,Riskware,True
com.funsteps.money.reward.free,Riskware,Riskware,True
com.funsteps.money.reward.free,Riskware,Riskware,True
dark.WmHUQ.lHehS,Riskware,Riskware,True
dark.WmHUQ.lHehS,Riskware,Riskware,True
jp.co.imagineer.medarotsurvivors,Riskware,Riskware,True
dickmonx.remake,Riskware,Riskware,True
dickmonx.remake,Riskware,Riskware,True
com.fattoy.shelter,Riskware,Riskware,True
com.corusen.aplus,Riskware,Riskware,True
com.corusen.aplus,Riskware,Riskware,True
com.bitdefender.test.adware,Adware,Riskware,False
kr.co.chamsule.smartonepass_project3_hyundai,Riskware,Riskware,True
cegecijd.egajiije.gebjfbif,Riskware,Riskware,True
com.korea.sosico,Riskware,Riskware,True
com.bitdefender.test.adware,Adware,Riskware,False
com.roblox.client,Riskware,Riskware,True
com.roblox.client,Riskware,Riskware,True
com.clickteam.freddyfazbearspizzeriasimulator,Riskware,Riskware,True
com.ultimate.cleanerpro.ucp,Riskware,Riskware,True
com.hbns.geoje.store,Trojan,Trojan,True
app.sbox.mobile.homevistatv,Riskware,Riskware,True
app.sbox.mobile.homevistatv,Riskware,Riskware,True
app.sbox.mobile.homevistatv,Riskware,Riskware,True
app.sbox.mobile.homevistatv,Riskware,Riskware,True
app.sbox.mobile.homevistatv,Riskware,Riskware,True
com.magic.drama.reels,Riskware,Riskware,True
com.xin.xw,Riskware,Riskware,True
com.naomicsoft.herowarsdefense,Riskware,Riskware,True
com.silimazen.good,Riskware,Riskware,True
com.silimazen.good,Riskware,Riskware,True
com.sec.android.app.sbrowser.webapk.we233a2daa7f9173b80a055d9654dc0591,Adware,Adware,True
com.sec.android.app.sbrowser.webapk.we233a2daa7f9173b80a055d9654dc0591,Adware,Adware,True
com.free.vpn.super.hotspot.open,Riskware,Riskware,True
com.megacephalic.grudgment.pilotfishes.stood,Riskware,Riskware,True
com.megacephalic.grudgment.pilotfishes.stood,Riskware,Riskware,True
com.nines.lakes,Riskware,Riskware,True
com.nines.lakes,Riskware,Riskware,True
com.apapps.bluetooth.autoconnect.pair,Adware,Riskware,False
com.apapps.bluetooth.autoconnect.pair,Adware,Riskware,False
org.telegram.messenger.web,Riskware,Riskware,True
kr.co.chamsule.smartonepass_project3_hyundai,Riskware,Riskware,True
org.telegram.messenger.web,Riskware,Riskware,True
com.lizongying.mytv1,Riskware,Riskware,True
com.sec.android.app.sbrowser.webapk.wc23a24e590fe0fc61cc06c4ef18b62901,Adware,Adware,True
com.sec.android.app.sbrowser.webapk.wc23a24e590fe0fc61cc06c4ef18b62901,Adware,Adware,True
com.sec.android.app.sbrowser.webapk.wc23a24e590fe0fc61cc06c4ef18b62901,Adware,Adware,True
com.sec.android.app.sbrowser.webapk.wf85ea2cb1e4cb2cd7b6ad070030827651,Adware,Adware,True
com.sec.android.app.sbrowser.webapk.wf157fab3acad87b233d1d4df72c887c21,Adware,Adware,True
com.markany.mobilesaferlite,Riskware,Riskware,True
com.markany.mobilesaferlite,Riskware,Riskware,True
com.markany.mobilesaferlite,Riskware,Riskware,True
com.markany.mobilesaferlite,Riskware,Riskware,True
com.ai.polyverse.spell.pro,Riskware,Riskware,True
com.aigc.ushow.ichat,Riskware,Riskware,True
jp.co.ofcr.cm00,Riskware,Riskware,True
com.factory608.ME,Riskware,Riskware,True
com.c3wavestudio.yumyumdragon,Riskware,Riskware,True
com.sec.android.app.sbrowser.webapk.wae22dd5a2434bcd4c02e1e8d55d3b31c1,Adware,Adware,True
com.documentreader.documentapp.filereader,Riskware,Riskware,True
com.documentreader.documentapp.filereader,Riskware,Riskware,True
com.sec.android.app.sbrowser.webapk.w32d0343a63ed38bc5d0ea8cd84b3d4d91,Adware,Adware,True
dark.Uxstx.VKCkz,Riskware,Riskware,True
dark.Uxstx.VKCkz,Riskware,Riskware,True
myfiles.filemanager.fileexplorer.cleaner,Riskware,Riskware,True
com.roblox.client,Riskware,Riskware,True
com.sec.android.app.sbrowser.webapk.wee56625374b48f219161fcb13b33759f1,Adware,Adware,True
com.Solarbox.Venus,Riskware,Riskware,True
com.Solarbox.Mercury,Riskware,Riskware,True
com.silimazen.good,Riskware,Riskware,True
com.silimazen.good,Riskware,Riskware,True
com.silimazen.good,Riskware,Riskware,True
com.silimazen.good,Riskware,Riskware,True
com.silimazen.good,Riskware,Riskware,True
com.silimazen.good,Riskware,Riskware,True
com.lge.filemanager.overlay,Adware,Adware,True
com.rsupport.rs.activity.lge.allinone.overlay,Adware,Adware,True
com.lge.gallery.aodimagewidget.overlay,Adware,Adware,True
com.lge.ime.overlay,Adware,Adware,True
com.lge.updatecenter.overlay,Adware,Adware,True
com.android.settings.overlay,Adware,Adware,True
com.lge.smartsharepush.overlay,Adware,Adware,True
com.lge.sizechangable.weather.platform.overlay,Adware,Adware,True
com.lge.fmradio.overlay,Adware,Adware,True
com.lge.vrplayer.overlay,Adware,Adware,True
com.lge.filemanager.overlay,Adware,Adware,True
com.rsupport.rs.activity.lge.allinone.overlay,Adware,Adware,True
com.lge.gallery.aodimagewidget.overlay,Adware,Adware,True
com.lge.updatecenter.overlay,Adware,Adware,True
com.lge.ime.overlay,Adware,Adware,True
com.android.settings.overlay,Adware,Adware,True
com.lge.sizechangable.weather.platform.overlay,Adware,Adware,True
com.lge.fmradio.overlay,Adware,Adware,True
com.lge.vrplayer.overlay,Adware,Adware,True
com.lge.smartsharepush.overlay,Adware,Adware,True
mafu.driving.free,Riskware,Riskware,True
mafu.driving.free,Riskware,Riskware,True
com.lyzz.h5.flbzf2,Trojan,Riskware,False
org.chromium.webapk.a39deb6f105b48572_v2,Riskware,Riskware,True
org.chromium.webapk.a39deb6f105b48572_v2,Riskware,Riskware,True
com.sec.android.app.sbrowser.webapk.w3abf13bd40438e04befd07d3b9e493451,Adware,Adware,True
com.sec.android.app.sbrowser.webapk.w3abf13bd40438e04befd07d3b9e493451,Adware,Adware,True
com.blackhole.hd1763494114,Riskware,Riskware,True
com.blackhole.hd1763494114,Riskware,Riskware,True
com.blackhole.hd1763494114,Riskware,Riskware,True
com.blackhole.hd1763494114,Riskware,Riskware,True
com.blackhole.hd1763494114,Riskware,Riskware,True
com.blackhole.hd1763494114,Riskware,Riskware,True
com.blackhole.hd1763494114,Riskware,Riskware,True
com.blackhole.hd1763494114,Riskware,Riskware,True
com.blackhole.hd1763494114,Riskware,Riskware,True
com.blackhole.hd1763494114,Riskware,Riskware,True
com.blackhole.hd1763494114,Riskware,Riskware,True
com.blackhole.hd1763494114,Riskware,Riskware,True
com.blackhole.hd1763494114,Riskware,Riskware,True
com.blackhole.hd1763494114,Riskware,Riskware,True
com.blackhole.hd1763494114,Riskware,Riskware,True
com.blackhole.hd1763494114,Riskware,Riskware,True
com.blackhole.hd1763494114,Riskware,Riskware,True
com.blackhole.hd1763494114,Riskware,Riskware,True
com.blackhole.hd1763494114,Riskware,Riskware,True
com.blackhole.hd1763494114,Riskware,Riskware,True
com.blackhole.hd1763494114,Riskware,Riskware,True
com.blackhole.hd1763494114,Riskware,Riskware,True
com.blackhole.hd1763494114,Riskware,Riskware,True
com.blackhole.hd1763494114,Riskware,Riskware,True
com.blackhole.hd1763494114,Riskware,Riskware,True
com.blackhole.hd1763494114,Riskware,Riskware,True
com.blackhole.hd1763494114,Riskware,Riskware,True
com.blackhole.hd1763494114,Riskware,Riskware,True
com.blackhole.hd1763494114,Riskware,Riskware,True
com.blackhole.hd1763494114,Riskware,Riskware,True
com.hakubox.nichijyou,Riskware,Riskware,True
com.hakubox.nichijyou,Riskware,Riskware,True
com.Wispwood.ArrowQuest,Riskware,Riskware,True
com.Wispwood.ArrowQuest,Riskware,Riskware,True
com.sec.android.app.sbrowser.webapk.wfad26d7585541a6abdc4f0e75bd9bf631,Adware,Adware,True
force.game.InuFreeGoogle,Riskware,Riskware,True
force.game.InuFreeGoogle,Riskware,Riskware,True
com.wrsfxvg.dfhyj,Trojan,Riskware,False
com.wrsfxvg.dfhyj,Trojan,Riskware,False
id.neetangelanderofamily.iiomeko,Riskware,Riskware,True
id.neetangelanderofamily.iiomeko,Riskware,Riskware,True
myfiles.filemanager.fileexplorer.cleaner,Riskware,Riskware,True
myfiles.filemanager.fileexplorer.cleaner,Riskware,Riskware,True
com.Wispwood.ArrowQuest,Riskware,Riskware,True
dark.Uxstx.VKCkz,Riskware,Riskware,True
dark.Uxstx.VKCkz,Riskware,Riskware,True
dark.Uxstx.VKCkz,Riskware,Riskware,True
dark.Uxstx.VKCkz,Riskware,Riskware,True
dark.Uxstx.VKCkz,Riskware,Riskware,True
dark.Uxstx.VKCkz,Riskware,Riskware,True
dark.Uxstx.VKCkz,Riskware,Riskware,True
com.samsung.android.app.vr.gallery2,Trojan,Riskware,False
com.qualcomm.qti.networksetting.overlay.VodafoneUK,Adware,Adware,True
android.overlay.VodafoneGroup,Adware,Adware,True
com.android.settings.overlay.VodafoneUK,Adware,Adware,True
com.android.mms.overlay.VodafoneUK,Adware,Adware,True
com.qualcomm.simcontacts.overlay.TelefonicaGermany,Adware,Adware,True
com.android.settings.overlay.cmcc,Adware,Adware,True
com.android.stk.overlay.TelefonicaGermany,Adware,Adware,True
com.android.providers.settings.overlay.cu,Adware,Adware,True
com.android.systemui.overlay.cu,Adware,Adware,True
com.qualcomm.qti.networksetting.overlay.cta,Adware,Adware,True
com.qualcomm.qti.phonefeature.overlay.EUCommon,Adware,Adware,True
com.lge.smartsharepush.overlay,Adware,Adware,True
com.lge.vrplayer.overlay,Adware,Adware,True
com.lge.sizechangable.weather.platform.overlay,Adware,Adware,True
com.android.settings.overlay,Adware,Adware,True
com.lge.updatecenter.overlay,Adware,Adware,True
com.lge.fmradio.overlay,Adware,Adware,True
com.lge.ime.overlay,Adware,Adware,True
com.lge.filemanager.overlay,Adware,Adware,True
com.rsupport.rs.activity.lge.allinone.overlay,Adware,Adware,True
com.magic.drama.reels,Riskware,Riskware,True
com.magic.drama.reels,Riskware,Riskware,True
